<?xml version='1.0' encoding='UTF-8'?>
<document>
  <info type="id" value="0039"/>
  <info type="schema" value="paragraphs"/>
  <info type="source" value="R039"/>
  <info type="source-corpus" value="C1"/>
  <info type="annotator" value="uam"/>
  <unit id="0452">"O que fiz de comparação com Jânio e Collor foi o seguinte: ambos governaram sem partido e sem apoio. Quem escolhe o deputado federal e o senador não é o presidente da República. Quem escolhe é o voto popular", disse Dilma, referindo-se ao fato de os partidos que apoiam Marina Silva terem poucos representantes no Congresso.</unit id="0452">
  <unit id="0453">A petista também criticou as declarações da candidata do PSB de que irá implantar uma "nova política" no país, se vencer a eleição presidencial. Segundo Dilma, na opinião dela, só é possível mudar o modelo político brasileiro por meio de uma reforma política.</unit id="0453">
  <unit id="0454">Ela, entretanto, reiterou que, na visão dela, somente será possível reformar o sistema político e eleitoral do país por meio de um plebiscito. A proposta vem sendo defendida pela presidente desde a onda de protestos de rua em junho do ano passado.</unit id="0454">
  <unit id="0455">Questionada sobre como lida com pedidos pela volta de Lula ao governo a cada crise e se apoia um possível retorno do ex-presidente em 2018, Dilma afirmou que tem “relação forte, pessoal” com o petista, e que o apoia em “qualquer circunstância”. Ela também afirmou que aqueles que apostaram em conflito entre os dois em seu governo erraram.</unit id="0455">
  <unit id="0456">“Convivi [com o Lula] de junho de 2005 até o dia que saí do governo. Convivi diariamente, encontrando 20 vezes por dia, encontrando o dia inteiro. Eu tenho amizade, gosto do lula, e tenho absoluta certeza que o Lula tem o mesmo afeto por mim. A mim não incomoda falar em “Volta Lula”, disse. “Estarei com ele em todas as circunstâncias, não só em 2018. Quando for necessário, estarei com ele”, completou.</unit id="0456">
  <unit id="0457">Na entrevista, Dilma procurou, ainda, defender o governo pelo atraso em obras de infraestrutura. “Só não atrasa obra de engenharia quem não faz”, disse a presidente, após ser questionada sobre a demora para concluir a transposição do rio São Francisco. Ela também assumiu ter havido erros e improviso na execução do projeto, e disse que a complexidade da obra foi “subestimada”. Segundo Dilma, as obras devem ser concluídas até o final de 2016.</unit id="0457">
  <unit id="0458">Política externa</unit id="0458">
  <unit id="0459">Dilma também respondeu a pergunta sobre a suposta crise diplomática que teria sido criada entre Brasil e os Estados Unidos no ano passado, após denúncias de que agentes de inteligências norte-americanos espionaram mensagens de autoridades, empresas e órgãos brasileiros. Segundo a presidente, “manteremos relação absolutamente normal com os Estados Unidos assim que eles também normalizarem essa questão [de espionagem]”.</unit id="0459">
  <unit id="0460">Em 2013, a presidente cancelou visita de estado que seria feita aos Estados Unidos devido às denúncias, vazadas pelo ex-agente de inteligência norte-americano Edward Snowden. Segundo Dilma, o cancelamento foi feito de comum acordo, para evitar “ficar dando” explicação sobre temas que não diziam respeito diretamente ao encontro.  Ela disse que existe a previsão de conversa com o governo norte-americano após as eleições.</unit id="0460">
  <unit id="0461">Na entrevista coletiva no Alvorada, Dilma também defendeu a atual política externa brasileira e afirmou que a opção por priorizar relações diplomáticas com a América Latina não tem base em "ideologia".</unit id="0461">
  <unit id="0462">“A nossa relação com o Mercosul e a América Latina, tem gente dizendo que é ideológica. Mas 80% do que exportamos em mercadoria com valor agregado é para a América Latina. Acabar com o Mercosul é um tiro no pé”, disse.</unit id="0462">
  <unit id="0463">Para a presidente, o Brasil, como maior país da América Latina, tem a “responsabilidade” de assumir um papel de destaque na região. “Minha proposta é nunca voltar as costas para a América Latina e só olhar Estados Unidos e União Europeia. Isso não dá certo”, declarou.</unit id="0463">
  <unit id="0464">Sem citar diretamente os adversários na disputa eleitoral, que defendem relação mais estreita com países desenvolvidos e criticam o apoio do Brasil a nações conhecidas por violar direitos humanos, Dilma afirmou que não se pode fazer política externa “com principismo”.</unit id="0464">
  <unit id="0465">“Eu não posso sentar com os Estados Unidos e falar de Guantânamo. Nem sentar com a China e falar de direitos humanos. Eu não inicio conversa com divergência, inicio com convergência. Não vou sentar com um país que precisa de energia nuclear e falar: ‘Energia nuclear não conversa comigo’”, afirmou, em referência ao apoio que o Brasil dá ao desenvolvimento, para fins pacíficos, de energia nuclear no Irã.</unit id="0465">
  <unit id="0466">Para a presidente, temas delicados, como violações aos direitos humanos, devem ser abordados em organismos multilaterais, como as Nações Unidas. “Política externa não se faz com principismo”, completou.</unit id="0466">
  <unit id="0467">Veja como foi a segunda-feira (8) dos principais candidatos à presidência                                                  Os três principais candidatos à presidência da República aproveitaram a agenda de campanha para falar sobre as denúncias de propina para políticos da base aliada do governo.</unit id="0467">
  <unit id="0468">Veja como foi o domingo (7) dos candidatos à Presidência                                                  Depoimento do ex-diretor da Petrobras foi o principal assunto dos principais candidatos à Presidência da República no fim de semana.</unit id="0468">
  <unit id="0469">A presidente Dilma Rousseff disse nesta segunda-feira (8) em entrevista a "O Estado de S. Paulo", transmitida ao vivo pelo site do jornal, que desconhecia a existência de algum "malfeito" na Petrobras e que, se tivesse recebido informação, teria adotado medidas contra eventuais irregularidades.</unit id="0469">
  <unit id="0470">Dilma afirmou que pediu à Polícia Federal e ao Ministério Público acesso aos depoimentos do ex-diretor da estatal Paulo Roberto Costa, preso no Paraná, que negociou um acordo de delação premiada em troca de eventual redução da pena. A presidente disse que fez o pedido para saber se há integrantes do governo envolvidos. Afirmou que, se não for atendida, recorrerá ao Supremo Tribunal Federal (STF).</unit id="0470">
  <unit id="0471">Segundo a revista "Veja", nos depoimentos, Costa delatou dezenas de deputados federais, senadores, governadores e um ministro que supostamente recebiam propina de contratos da estatal com outras empresas. O acordo de delação premiada ainda depende de homologação pela Justiça, que dependerá da comprovação de que as denúncias do ex-diretor têm fundamento.</unit id="0471">
  <unit id="0472">"Não tinha informação de malfeito, porque, se eu tivesse, teria tomado medida”, declarou a presidente, ao responder sobre se havia suspeitas quando, em 2012, a presidente da Petrobras, Graça Foster, afastou diretores da empresa.</unit id="0472">
  <unit id="0473">Primeiro é preciso saber se isso é verdade. Então, eu quero essas informações. [...] Quem vai falar isso para mim é quem investiga [...] e não diz-que-diz-que. Quero a informação a mais aprofundada possível."</unit id="0473">
  <unit id="0474">Presidente Dilma Rousseff</unit id="0474">
  <unit id="0475">Dilma considerou "estarrecedor" o envolvimento de um servidor de carreira da Petrobras nas supostas irregularidades. “É interessante que a gente lembre que esse diretor é do quadro de carreira da Petrobras, o que é mais estarrecedor [...]. É surpreendente que ele faça isso. Isso nada tem a ver com gestão. Tem a ver com fato básico de que há sempre que se ter muito cuidado com a questão do uso indevido do dinheiro público”, afirmou.</unit id="0475">
  <unit id="0476">Acesso aos depoimentos</unit id="0476">
  <unit id="0477">Dilma afirmou que, após a divulgação das denúncias, pela revista "Veja", determinou ao ministro da Justiça, José Eduardo Cardozo, que fizesse um ofício à Polícia Federal pedindo acesso ao conteúdo dos depoimentos para saber se há algum funcionário ou agente do governo envolvido.</unit id="0477">
  <unit id="0478">"Quando a PF respondeu que não pode, fiz ofício ao procurador-geral da República que me informe, para proceder às providências cabíveis [...] Se o Ministério Público não for capaz de responder, vou pedir ao Supremo Tribunal Federal", declarou.</unit id="0478">
  <unit id="0479">A candidata disse que quem tem a "competência" para dar informações sobre o assunto é a Polícia Federal, o Ministério Público ou o Supremo Tribunal Federal. "Baseado na informação da imprensa, eu não posso condenar ou perdoar ninguém", disse.</unit id="0479">
  <unit id="0480">saiba mais 	 			Dilma tem 'responsabilidade política' no caso Petrobras, diz Marina Silva</unit id="0480">
  <unit id="0481">No Pará, Aécio cobra apuração de denúncias envolvendo a Petrobras</unit id="0481">
  <unit id="0482">Em entrevista coletiva no Palácio da Alvorada depois da sabatina de "O Estado de S. Paulo", a presidente Dilma Rousseff respondeu a declarações de seus adversários na campanha presidencial de que teria “responsabilidade política” pelas irregularidades na Petrobras.  Para ela, o escândalo envolvendo a estatal está sendo usado de “forma eleitoreira”.</unit id="0482">
  <unit id="0483">“Os dois candidatos não podem esquecer seus telhados. Eu não vou ficar aqui falando do telhado de ninguém. Mas eles devem olhar seus telhados. O meu telhado tem a firme determinação na investigação. Então é um telhado cobertinho, com Polícia Federal investigando, Ministério Público com autonomia”, afirmou a presidente.</unit id="0483">
  <unit id="0484">Para Dilma, a responsabilidade do governo no caso da Petrobras é “investigar”, o que, segundo ela, ocorreu. “A minha responsabilidade é ter investigado a Petrobras. [...] A parte relativa ao que estamos investigamos, estamos investigando porque descobrimos um esquema de lavagem de dinheiro e de corrupção. Agora, o tamanho desse esquema quem pode nos dizer é Ministério Público, Polícia Federal e Judiciário.”</unit id="0484">
  <unit id="0485">Marina Silva</unit id="0485">
  <unit id="0486">Indagada sobre o fato de sua propaganda eleitoral ter comparado a candidata Marina Silva (PSB) aos ex-presidentes Fernando Collor e Jânio Quadros, Dilma destacou que não fez nenhuma observação em relação a "caráter ou questão pessoal" de sua adversária do PSB. Para ela, Marina uma pessoa "bem intencionada".</unit id="0486">