<?xml version='1.0' encoding='UTF-8'?>
<document>
  <info type="id" value="0051"/>
  <info type="schema" value="paragraphs"/>
  <info type="source" value="R051"/>
  <info type="source-corpus" value="C1"/>
  <info type="annotator" value="uam"/>
  <unit id="0607">A presidente disse que se continuar no comando do país, ela tentará, de novo, convocar um plebiscito para uma reforma política.</unit id="0607">
  <unit id="0608">Questionada sobre o movimento "Volta, Lula", ampliado sempre que surge uma dificuldade em seu governo ou campanha, Dilma afirmou que não se incomoda com a questão e que sempre o apoiará. "Todo mundo que apostou em uma crise entre eu e Lula errou. Gosto muito do Lula e tenho absoluta certeza que ele tem o mesmo afeto por mim. Eu apoiarei Lula em qualquer circunstância", disse.</unit id="0608">
  <unit id="0609">A presidente Dilma Rousseff confirmou nesta segunda-feira (8) que o ministro Guido Mantega (Fazenda) não fará parte de um eventual segundo governo da petista por questões pessoais.</unit id="0609">
  <unit id="0610">"Eu vi que depois que eu falei 'equipe nova e governo novo' as pessoas fizeram várias ilações sobre o Guido Mantega. Ele comunicou que não tem como ficar no governo no segundo mandato por questões pessoais que eu peço para vocês respeitarem", afirmou Dilma, em sabatina realizada pelo jornal "O Estado de S. Paulo" no Palácio da Alvorada, em Brasília.</unit id="0610">
  <unit id="0611">Na semana passada, Dilma indicou que não manteria Mantega em um eventual segundo mandato ao ser questionada sobre a permanência do ministro.</unit id="0611">
  <unit id="0612">"Eleição nova, governo novo, equipe nova. Dá azar falar de uma coisa que ainda não ocorreu. Mas é governo novo, equipe nova, não tenha dúvida disso", afirmou Dilma em um evento de campanha em Fortaleza na última quinta-feira (4).</unit id="0612">
  <unit id="0613">Nesta segunda-feira, a candidata pelo PT à reeleição afirmou que um governo novo tem que, necessariamente, mudar a gestão mesmo se for conduzido pela mesma pessoa.</unit id="0613">
  <unit id="0614">"Eu pretendo melhorar a gestão. Não vou aplicar tudo igual ao que eu venho fazendo. Pretendo melhorar", disse.</unit id="0614">
  <unit id="0615">A presidente voltou a repetir que não indicará quem fará parte de um eventual novo governo durante o período eleitoral.</unit id="0615">
  <unit id="0616">MARINA</unit id="0616">
  <unit id="0617">Com sua candidatura ameaçada pela ascensão de Marina Silva, candidata do PSB à Presidência, Dilma amenizou o tom em relação à adversária e disse que ela é uma "candidata bem intencionada".</unit id="0617">
  <unit id="0618">A petista explicou a comparação feita por ele em um programa eleitoral na televisão de Marina com os ex-presidentes Fernando Collor e Jânio Quadros, que não tinham apoio do Congresso para governar.</unit id="0618">
  <unit id="0619">"Não estou fazendo uma comparação pessoal. O que eu fiz de comparação com o Jânio (Quadros) e o (Fernando) Collor é que ambos governaram sem apoio. Quem escolhe o deputado e o senador não é a presidente. Todas as pessoas que acham que vão negociar com notáveis, que é possível governar sem partido, geralmente ocorre alguma coisa muito perigosa. Quem governa sem partido geralmente tem uma pessoa muito poderosa por trás, geralmente os mais ricos", disse Dilma.</unit id="0619">
  <unit id="0620">Para ela, o que Marina apresenta como propostas não "é nova política". "Isto não é nova política, é a política que levou o País a um tipo de visão que a democracia pode ser feita apenas por uns poucos", disse.</unit id="0620">
  <unit id="0621">Dilma voltou a defender a reforma política, fim do financiamento privado de campanhas eleitorais e maior participação popular. Dilma afirmou que concorda em acabar com a reeleição desde que o mandato presidencial seja de cinco anos.</unit id="0621">
  <unit id="0622">"Acho que se for acabar com a reeleição tem que dar mandato de cinco anos. Agora eu quero entender o que os cinco anos faz no todo. Sou contra coincidência de todas as eleições. Acho que o Brasil tem que continuar votando. Acho que o voto popular tem um poder benéfico. Acho tão importante que o País vote em plebiscito, que só o ato de participar já muda o País. Logo depois das manifestações eu fiz minha proposta de plebiscito", afirma Dilma.</unit id="0622">