<?xml version='1.0' encoding='UTF-8'?>
<document>
  <info type="id" value="0012"/>
  <info type="schema" value="paragraphs"/>
  <info type="source" value="R012"/>
  <info type="source-corpus" value="C1"/>
  <info type="annotator" value="uam"/>
  <unit id="0121">O candidato do PSDB à Presidência, senador Aécio Neves (MG) reagiu neste sábado (6) às novas informações sobre o escândalo na Petrobras, delatado pelo ex-diretor da estatal Paulo Roberto Costa.</unit id="0121">
  <unit id="0122">O tucano chamou o caso de "as mais graves denúncias de corrupção da nossa história recente" e afirma que os relatos do ex-funcionário da empresa apontam para um "mensalão dois".</unit id="0122">
  <unit id="0123">O depoimento de Costa incluiu uma longa lista com nomes de vários políticos, entre senadores, deputados federais, governadores e até mesmo o ministro Edison Lobão (Minas e Energia), os líderes do Congresso e o ex-governador Eduardo Campos entre os que recebiam uma comissão de 3% sobre contratos fechados pela estatal. Os nomes foram divulgados neste sábado (6) pela revista "Veja", sem apresentar documentos e valores.</unit id="0123">
  <unit id="0124">Aécio gravou um vídeo divulgado em suas páginas nas redes sociais para falar sobre o assunto. Ele cumpre agenda no interior de São Paulo. "O Brasil acordou hoje perplexo com as mais graves denúncias de corrupção da nossa história recente. Está aí o 'mensalão 2': é o governo do PT patrocinando o assalto às nossas empresas públicas para a manutenção do seu projeto de poder", atacou Aécio.</unit id="0124">
  <unit id="0125">O presidenciável disse que "é fundamental que essas investigações possam ir ainda mais fundo, para que os verdadeiros responsáveis pelo assalto às empresas brasileiras sejam punidos de forma exemplar".</unit id="0125">
  <unit id="0126">O tucano vinha perdendo progressivamente espaço nas pesquisas de intenção de voto desde a entrada da ex-senadora Marina Silva (PSB) na disputa eleitoral. A pessebista foi alçada a candidata do partido após a morte de Campos em um acidente aéreo no último dia 13.</unit id="0126">
  <unit id="0127">Apesar de Campos estar entre os nomes citados por Costa e revelados pela revista "Veja", Aécio, num primeiro momento, centrou suas críticas no PT. "Estamos disputando essas eleições contra um grupo que utiliza o dinheiro sujo da corrupção para manter-se no poder. Por isso, eu acredito que chegou a hora de darmos um basta definitivo e tirarmos o PT", concluiu o tucano.</unit id="0127">