<?xml version='1.0' encoding='UTF-8'?>
<document>
  <info type="id" value="0024"/>
  <info type="schema" value="paragraphs"/>
  <info type="source" value="R024"/>
  <info type="source-corpus" value="C1"/>
  <info type="annotator" value="uam"/>
  <unit id="0258">A exemplo do que havia afirmado Dilma neste sábado (6), o titular da Secretaria-Geral afirmou que, antes de tomar qualquer providência, o governo precisa obter informações concretas sobre as declarações do ex-dirigente da Petrobras ao Ministério Público Federal.</unit id="0258">
  <unit id="0259">"O governo não pode tomar conhecimento de uma denúncia que, insisto, por enquanto, é sem nenhuma comprovação, sem nenhum fundamento. O fato de uma pessoa ser mencionada sem nenhuma prova não pode nos levar a tomar nenhuma atitude", enfatizou.</unit id="0259">
  <unit id="0260">"Não podemos julgar as pessoas enquanto não houver de fato a comprovação ou, no mínimo, a denúncia inteira, suas circunstâncias, seus aspectos, assim por diante", completou Carvalho.</unit id="0260">
  <unit id="0261">Ao final do desfile da Independência em Brasília, o ministro da Justiça, José Eduardo Cardozo, também comentou o caso, destacando que não é possível fazer “valoração”. “É importante que se faça investigação, que se esclareça. O inquérito corre em sigilo, portanto não se pode fazer nenhuma valoração a respeito [...]. A Polícia Federal, o Ministério Público, estão fazendo as apurações dentro daquilo que a lei determina”, disse.</unit id="0261">
  <unit id="0262">Integrante da diretoria da Petrobras entre 2004 e 2012, Costa foi preso pela Polícia Federal (PF) durante as investigações da Operação Lava Jato, que revelou um esquema de lavagem de dinheiro e evasão de divisas que teria movimentado cerca de R$ 10 bilhões. Devido às acusações, ele está preso no Paraná.</unit id="0262">
  <unit id="0263">O ex-diretor da estatal do petróleo fez um acordo de delação premiada. Os depoimentos de Costa à PF têm ocorrido diariamente, na Superintendência da Polícia Federal, em Curitiba. A PF não revela o conteúdo dos depoimentos.</unit id="0263">
  <unit id="0264">A reportagem de "Veja" não detalha o papel que cada um dos políticos mencionados por Costa teve na suposta fraude. O texto diz que, pelo acordo firmado com o Ministério Público Federal, o ex-dirigente teria se comprometido a detalhar o envolvimento de cada um dos políticos no esquema. A reportagem também afirma que os policiais federais e procuradores da República estimam que levará mais três semanas para o ex-diretor da Petrobras esgotar o que tem a dizer.</unit id="0264">
  <unit id="0265">saiba mais 	 			Dilma fala em 'providências'; Aécio vê</unit id="0265">
  <unit id="0266">'mensalão 2'; Marina defende Campos</unit id="0266">
  <unit id="0267">Oposição quer levar à CPI mista denúncias de Paulo Roberto Costa</unit id="0267">
  <unit id="0268">Ex-diretor da Petrobras citou políticos que receberam propina, diz revista</unit id="0268">
  <unit id="0269">Paulo Roberto Costa faz acordo de delação premiada e depõe à PF</unit id="0269">
  <unit id="0270">Outra informação relatada pela revista é de que Paulo Roberto Costa teria admitido pela primeira vez, durante os depoimentos da delação premiada, que as empreiteiras contratadas pela Petrobras tinham, obrigatoriamente, de contribuir para um caixa paralelo que era distribuído a partidos e políticos da base governista. O ex-diretor teria dito, informou "Veja", que cada partido tinha seu encarregado de fazer a intermediação com o esquema de corrupção.</unit id="0270">
  <unit id="0271">'Onde estiver, está bom', diz Carvalho sobre ser ministro ou fazer campanha                                                  Ministro disse que cabe à presidente decidir onde ele vai trabalhar. No meio político, se especula que PT quer Carvalho fora do governo.</unit id="0271">
  <unit id="0272">Alves e Carvalho discutem conselhos populares, mas não chegam a acordo                                                  Câmara aguardava que Executivo enviasse projeto para substituir decreto. Regra da Presidência prevê consultas públicas sobre decisões do governo.</unit id="0272">
  <unit id="0273">O ministro da Secretaria-Geral da Presidência da República, Gilberto Carvalho, afirmou neste domingo (7) que o vazamento de informações da delação premiada do ex-diretor da Petrobras Paulo Roberto Costa é uma tentativa de "mudar o rumo" da campanha eleitoral. Na visão do auxiliar da presidente Dilma Rousseff, as denúncias que envolvem políticos da base governista não serão capazes de interferir no "destino da eleição".</unit id="0273">
  <unit id="0274">"Acho que estão tentando usar essa delação premiada [de Paulo Roberto Costa], a notícia parcial de vazamento não confiável, para tentar, um pouco no desespero, mudar o rumo da campanha. Vazamento sempre é condenável, porque pode ter sido por advogado de réu para proteger algum réu e prejudicar outro", disse Carvalho ao final do desfile cívico-militar que celebrou, em Brasília, os 192 anos da proclamação da Independência.</unit id="0274">
  <unit id="0275">Acho que estão tentando usar essa delação premiada [de Paulo Roberto Costa], a notícia parcial de vazamento não confiável, para tentar, um pouco no desespero, mudar o rumo da campanha"</unit id="0275">
  <unit id="0276">Gilberto Carvalho, ministro da Secretaria-Geral da Presidência</unit id="0276">
  <unit id="0277">Reportagem da edição deste final de semana da revista "Veja" afirma que o ex-diretor de Refino e Abastecimento da estatal do petróleo revelou em depoimentos ao Ministério Público Federal (MPF), na superintendência da Polícia Federal em Curitiba, que três governadores, seis senadores, um ministro e, pelo menos, 25 deputados federais foram beneficiados com pagamentos de propinas oriundas de contratos com fornecedores da estatal.</unit id="0277">
  <unit id="0278">Segundo a publicação, Costa citou, entre outros políticos, os nomes da governadora Roseana Sarney (Maranhão) e dos ex-governadores Sérgio Cabral (Rio) e Eduardo Campos (Pernambuco); do ministro de Minas e Energia, Edison Lobão; dos senadores Renan Calheiros (PMDB-AL), Romero Jucá (PMDB-RR) e Ciro Nogueira (PP-PI); e dos deputados Henrique Eduardo Alves (PMDB-RN), Cândido Vacarezza (PT-SP), Mário Negromonte (PP-BA) e João Pizzolatti (PP-SC). Os políticos mencionados na reportagem negam envolvimento no esquema de pagamento de propina na Petrobras.</unit id="0278">