<?xml version='1.0' encoding='UTF-8'?>
<document>
  <info type="id" value="0038"/>
  <info type="schema" value="paragraphs"/>
  <info type="source" value="R038"/>
  <info type="source-corpus" value="C1"/>
  <info type="annotator" value="uam"/>
  <unit id="0442">Mercado ainda tem dúvidas se a ex-senadora implementará de fato as mudanças necessárias na área econômica                             (Apu Gomes/Folhapress)</unit id="0442">
  <unit id="0443">Com discurso e programa de governo amigáveis ao mercado e desempenho cada vez melhor nas pesquisas de intenção de voto, a candidata do PSB à Presidência, Marina Silva, vem conquistando o mercado financeiro. Mas, apesar de ter as propostas na área econômica elogiadas e ser vista agora como uma esperança de mudança mais provável do que o candidato do PSDB, Aécio Neves, a ex-senadora ainda não inspira no mercado a confiança de que vai de fato implementar as mudanças necessárias. Diante dessa incerteza, economistas ouvidos pela Agência Estado avaliam que ainda não é possível prever até quando o bom desempenho da ex-ministra na campanha vai continuar precificando os ativos financeiros.</unit id="0443">
  <unit id="0444">Para o ex-presidente do Banco Central e sócio da Tendências Consultoria Integrada, Gustavo Loyola, a precificação dos ativos do mercado tem sido influenciada muito mais pela redução da chance de reeleição da presidente Dilma do que propriamente em razão das propostas apresentadas por Marina. Ele lembra, contudo, que esse comportamento chegará a um limite e é difícil prever até quando o bom desempenho da candidata vai continuar influenciando positivamente os ativos. Apesar de a Tendências Consultoria apostar que, num eventual segundo turno, a ambientalista tem 50% de probabilidade de se eleger contra 40% de chances de Dilma e 10% de Aécio, o economista pondera que é cedo para descartar uma provável vitória do tucano. "Ninguém sabe como virão as próximas pesquisas", afirma.</unit id="0444">
  <unit id="0445">Campanha de Marina investe em 'programa 2.0' para combater ataques</unit id="0445">
  <unit id="0446">Marina diz que trajetória de Dilma – e não a dela – lembra a de Collor</unit id="0446">
  <unit id="0447">PSB diz que críticas a Marina refletem preconceito</unit id="0447">
  <unit id="0448">O economista-sênior do Banco Espírito Santo do Brasil, Flávio Serrano, também avalia que, na hora da precificação, a expectativa de mudança do atual governo com o crescimento de Marina nas pesquisas se sobrepõe ao próprio programa de governo mais liberal do PSB, que agrada ao mercado, e às demonstrações de menor rigidez política que a candidata apresenta. "O mercado está colocando preço na expectativa de mudança mais forte porque, na medida em que tem um novo governo, as chances de mudanças são maiores", explica.</unit id="0448">
  <unit id="0449">Já estrategista-chefe do Banco Mizuho do Brasil, Luciano Rostagno, avalia que a resposta nos preços dos ativos financeiros é reflexo não só da cada vez maior expectativa de eleição de Marina, mas do próprio programa de governo. Segundo ele, o mercado gostou das propostas apresentadas pela pessebista na última sexta-feira, principalmente a parte de política econômica menos intervencionista. "De certa forma, foi até surpreendente a proposta dela. Achávamos que ela iria ser mais conservadora. Tanto que até o PSDB não está propondo essa independência formal do Banco Central", ressalta.</unit id="0449">
  <unit id="0450">(Com Estadão Contéudo)</unit id="0450">
  <unit id="0451">O candidato ao Senado pelo PT, Eduardo Suplicy, poucas vezes se mostrou tão enérgico quanto na entrevista concedida à TVEJA. Ele teve dificuldades para explicar a rejeição do PT em São Paulo e tentou convencer o eleitor a votar nele pela quarta vez consecutiva numa disputa para o Senado</unit id="0451">