<?xml version='1.0' encoding='UTF-8'?>
<document>
  <info type="id" value="0006"/>
  <info type="schema" value="paragraphs"/>
  <info type="source" value="R006"/>
  <info type="source-corpus" value="C1"/>
  <info type="annotator" value="uam"/>
  <unit id="0055">O candidato do PT ao Palácio dos Bandeirantes, Alexandre Padilha, minimizou neste sábado (6) a bronca que o ex-presidente Luiz Inácio Lula da Silva distribuiu ao PT de São Paulo por seu fraco desempenho nas pesquisas de intenção de votos e pela presidente Dilma Rousseff ocupar a segunda colocação no Estado, atrás da presidenciável Marina Silva (PSB).</unit id="0055">
  <unit id="0056">Segundo Padilha, a movimentação de Lula foi para dar um novo fôlego para a militância petista.</unit id="0056">
  <unit id="0057">"Foi uma injeção de ânimo. O presidente Lula deu uma injeção de ânimo na militância do PT, nos dirigentes e no movimento sindical", afirmou.</unit id="0057">
  <unit id="0058">O candidato desconversou sobre a fala do ex-presidente Lula a aliados de que o PT deveria fazer a campanha que o candidato do PMDB, Paulo Skaf, tem feito, protagonizando a polarização com o governador Geraldo Alckmin (PSDB).</unit id="0058">
  <unit id="0059">"Eu aprendi a só acreditar naquilo que o presidente Lula me fala diretamente, não vou nem ouvir qualquer outra pessoa que faça um comentário da fala do presidente Lula. Ele falou em um evento aberto que acredita na campanha na rua, que agora chegou a hora", disse.</unit id="0059">
  <unit id="0060">O candidato petista também minimizou a rejeição que o PT sofre no interior, principalmente nas pequenas cidades. Segundo ele, as políticas para o interior, como o projeto de mais trens, vão ficar mais conhecidas a partir do agora, o que vai levar a sua candidatura para o segundo turno.</unit id="0060">
  <unit id="0061">"Mas também vamos atingir os grandes centros e a região metropolitana, onde está a força do PT".</unit id="0061">
  <unit id="0062">Para uma plateia de militantes, Lula distribuiu cobranças aos petistas das campanhas de Padilha e de Dilma. O ex-presidente apontou erros, como o tom da propaganda de Dilma na televisão sem discutir política e apresentando obras,</unit id="0062">
  <unit id="0063">Lula disse que é inacreditável que Dilma esteja perdendo para Marina e que Padilha tenha menos votos do que o partido tradicionalmente alcança no Estado. Ele apontou ainda que estranha que o PT tenha demorado a reagir à rejeição local.</unit id="0063">
  <unit id="0064">"Não é possível que a Dilma tenha 23% em São Paulo. Cadê o PT? Cadê as mulheres do PT? Os homens do PT? Os deputados do PT?", questionou. "Não vamos aceitar ser tratado como segunda classe aqui", emendou.</unit id="0064">
  <unit id="0065">Lula cobrou ataques de Padilha aos adversários."De vez em quando, a gente tem que dar umas cutucadas nas pessoas. A gente tem demarcar nosso campo de classe", afirmou.</unit id="0065">
  <unit id="0066">Indiretamente, Lula comparou Skaf a Celso Russomanno que disputou a prefeitura de São Paulo em 2012 e liderou a corrida por um bom tempo. Ao defender o afilhado, o ex-presidente apontou que Padilha "não é candidato de si mesmo".</unit id="0066">
  <unit id="0067">Ele apontou ainda que em seu tempo não teria como Skaf estar na frente de Padilha em fábricas e que o candidato petistas deveria usar seu programa eleitoral para defender a honra do partido "nem que seja por um segundo".</unit id="0067">
  <unit id="0068">Antes do encontro com Lula, líderes do PT paulista se reuniram num hotel para tentar traçar uma saída para a reta final da campanha.</unit id="0068">