<?xml version='1.0' encoding='UTF-8'?>
<document>
  <info type="id" value="0116"/>
  <info type="schema" value="paragraphs"/>
  <info type="source" value="R116"/>
  <info type="source-corpus" value="C1"/>
  <info type="annotator" value="uam"/>
  <unit id="1258">Dezenas de crianças invadiram correndo no final da tarde desta sexta-feira (12) o recinto onde a presidente Dilma Rousseff concedia entrevista coletiva, no Conjunto de Favelas da Maré, na zona norte do Rio.</unit id="1258">
  <unit id="1259">Com a invasão, Dilma interrompeu a entrevista e decidiu se retirar do local. Em seguida, as crianças perseguiram e arremessaram copos d´água no carro da presidente.</unit id="1259">
  <unit id="1260">Dilma tinha previsão de fazer uma caminhada pela Maré, mas, devido ao atraso na agenda, foi diretamente para uma tenda montada na Vila Olímpica, onde assistiu a um vídeo sobre construção de escolas na comunidade. Ela estava acompanhada do candidato a governador do Rio, Luiz Fernando Pezão (PMDB) e do prefeito Eduardo Paes (PMDB).</unit id="1260">
  <unit id="1261">Ao final da exibição do vídeo, ela começou a conceder a entrevista sobre parceria com o governo do estado para ocupação da favela por forças federais de segurança.</unit id="1261">
  <unit id="1262">Durante a entrevista, as crianças entraram na tenda, começaram a gritar e fazer barulho, o que levou a presidente a suspender a entrevista e se retirar. Ela entrou em um carro que a levou até o ponto onde havia um helicóptero que a transportou para o compromisso seguinte, no bairro de Alcântara, no município de São Gonçalo, na região metropolitana do Rio, onde participou de atividade de campanha com o candidato do PT ao governo do Rio, senador Lindberg Farias.</unit id="1262">
  <unit id="1263">Em São Gonçalo, Dilma participou no início da noite de uma caminhada, acompanhada de Lindberg Farias, candidato do PT ao governo do Rio e de vários candidatos a deputado do partido, Dilma fez corpo a corpo com eleitores no calçadão de Alcântara.</unit id="1263">
  <unit id="1264">saiba mais 	 			Ibope mostra Dilma com 39%, Marina com 31% e Aécio com 15%</unit id="1264">
  <unit id="1265">Dilma diz que demitiu Paulo Roberto Costa por falta de 'afinidade'</unit id="1265">
  <unit id="1266">Durante a percurso  de pouco mais de 400 metros, que atraiu militantes com bandeiras, a candidata fez um rápido discurso.</unit id="1266">
  <unit id="1267">Ela saudou os moradores de São Gonçalo, disse que se sentia bem na cidade e destacou programas do governo como o Bolsa Família.</unit id="1267">
  <unit id="1268">"É muito desconhecimento neste país. Este país mudou. Agora, as pessoas podem andar de avião, têm emprego e salário. Neste palanque, estão as pessoas que lutam pelo Bolsa Família, Minha Casa Minha Vida, pelo direito do filho do trabalhador ser doutor. Vocês sabem do que eu estou falando. Tenho certeza de que vocês vão saber de que lado eu estou e de que lado estão meus adversários", disse.</unit id="1268">
  <unit id="1269">O discurso durou cerca de três minutos e a visita, 25 minutos. Dilma deixou o local sem falar com jornalistas, cercada por militantes e forte esquema de segurança.</unit id="1269">
  <unit id="1270">Dilma com o candidato ao governo do Rio, Lindberg Farias (PT), durante carreata em São Gonçalo (Foto: Kathia Melo/G1 )</unit id="1270">
  <unit id="1271">PT diz que denunciará Marina ao MP por suposta 'difamação eleitoral'                                                  Candidata do PSB disse que PT colocou ex-diretor para 'assaltar' Petrobras. Segundo assessoria, partido alegará que ex-senadora ‘feriu a honra’ do PT.</unit id="1271">
  <unit id="1272">Pesquisa Ibope tem Dilma com 39%, Marina com 31% e Aécio com 15%                                                  Pesquisa foi encomendada pela Confederação Nacional da Indústria. Estudo foi realizado entre os dias 5 e 8 de setembro.</unit id="1272">