<?xml version='1.0' encoding='UTF-8'?>
<document>
  <info type="id" value="0087"/>
  <info type="schema" value="paragraphs"/>
  <info type="source" value="R087"/>
  <info type="source-corpus" value="C1"/>
  <info type="annotator" value="uam"/>
  <unit id="0935">"Campanha do PT comemora sem motivos os números da pesquisa Datafolha", diz Augusto Nunes. As más notícias são muitas. E o segundo turno é uma realidade. Joice Hasselmann, no "Aqui entre nós", entrevista o colunista de VEJA nesta quarta-feira para debater o cenário eleitoral.</unit id="0935">
  <unit id="0936">A história da família Sarney que controla o estado do Maranhão há quase 50 anos e está cada vez mais perto de perder o reinado.</unit id="0936">
  <unit id="0937">A candidata à Presidência da República pelo PSB, Marina Silva, publicou uma correção na lista de patrimônios declarados ao Tribunal Superior Eleitoral (TSE). Em julho, quando homologou sua candidatura como vice de Eduardo Campos, morto em 13 de agosto em acidente aéreo, Marina disse à Justiça Eleitoral que seus bens somavam 135.400 reais. Na declaração publicada agora, como candidata à Presidência, a ex-senadora apresentou um patrimônio de 181.000 reais, um aumento de 45.000 reais.</unit id="0937">
  <unit id="0938">Dilma: 'Autonomia do BC vai aumentar juros e reduzir emprego'</unit id="0938">
  <unit id="0939">Marina rebate Dilma sobre bancos: 'PT tem visão autoritária de esquerda'</unit id="0939">
  <unit id="0940">Datafolha: no auge da pancadaria, cenário é estável</unit id="0940">
  <unit id="0941">De acordo com a assessoria da candidata, a mudança ocorreu por um erro da contadora. O valor acrescido ao patrimônio é referente a uma caderneta de poupança no valor de 15.616,94 reais, no HSBC e de uma aplicação em renda fixa de 30.000 reais. Ainda segundo a assessoria, a correção seria feita até o fim das eleições, mas a inversão na chapa, com a morte de Campos, antecipou a mudança.</unit id="0941">
  <unit id="0942">Ataques — Marina tem sido alvo de ataques de seus adversários, diante de suas chances de derrotar o PT de Dilma Rousseff. A campanha petista pediu ao Ministério Público Eleitoral que apure eventuais inconsistências entre os rendimentos de Marina, após divulgação de matéria do jornal Folha de S. Paulo, de que ela recebeu 1,6 milhão de reais nos últimos anos com palestras a bancos e empresas, além da declaração da candidata entregue à Justiça Eleitoral.</unit id="0942">