<?xml version='1.0' encoding='UTF-8'?>
<document>
  <info type="id" value="0114"/>
  <info type="schema" value="paragraphs"/>
  <info type="source" value="R114"/>
  <info type="source-corpus" value="C1"/>
  <info type="annotator" value="uam"/>
  <unit id="1240">Pesquisa Ibope divulgada nesta sexta-feira (12) aponta que a presidente Dilma Rousseff (PT) tem 33% das intenções de voto para Presidência da República, em Roraima. Em segundo lugar, está a candidata Marina Silva (PSB) com 30%. Aécio Neves (PSDB) tem 25% e o candidato Pastor Everaldo (PSC) está com 4%.</unit id="1240">
  <unit id="1241">Os indecisos e os que não quiseram responder somam 5% e os que declararam que vão votar branco ou nulo somam 3%. Encomendada pela Rede Amazônica, a pesquisa é a segunda do Ibope após o registro das candidaturas.</unit id="1241">
  <unit id="1242">Confira abaixo os números do Ibope, segundo a pesquisa estimulada, em que os nomes de todos os candidatos são apresentados ao eleitor:</unit id="1242">
  <unit id="1243">O Ibope fez a pesquisa entre os dias 9 e 11 de setembro. O Instituto ouviu 812 eleitores em dez municípios. A margem de erro é de três pontos, para mais ou para menos. O nível de confiança é de 95%. O que quer dizer que, se levarmos em conta a margem de erro de três pontos para mais ou para menos, a probabilidade de o resultado retratar a realidade é de 95%.</unit id="1243">
  <unit id="1244">A pesquisa está registrada no Tribunal Regional Eleitoral (TRE) com o número RR-00004/2014 e no Tribunal Superior Eleitoral (TSE) sob protocolo  BR-00347/2014.</unit id="1244">
  <unit id="1245">saiba mais 	 			Neudo tem 40%; Chico 27% e Ângela 17%, indica pesquisa Ibope em RR</unit id="1245">
  <unit id="1246">Anchieta tem 24%; Luciano e Telmário têm 20%, indica Ibope em RR</unit id="1246">
  <unit id="1247">Jucá tem 32% dos votos válidos, e Ângela Portela, 25%, aponta Ibope                                                  Pesquisa para o Senado de Roraima foi feita nos dias 30/9 e 1º/10. Margem de erro é de 3 pontos percentuais, para mais ou para menos.</unit id="1247">
  <unit id="1248">No AM, Ibope aponta: Dilma, 43%, Marina, 30%, e Aécio, 9%                                                  Margem de erro é de três pontos percentuais, para mais ou para menos. Instituto entrevistou 1.512 eleitores no estado entre 08 e 11 de setembro.</unit id="1248">
  <unit id="1249">Anchieta tem 24%; Luciano e Telmário têm 20%, indica Ibope em RR                                                  Margem de erro é de três pontos percentuais, para mais ou para menos. Instituto entrevistou 812 eleitores no estado de 9 a 11 de setembro.</unit id="1249">
  <unit id="1250">Omar Aziz lidera disputa pelo Senado no Amazonas com 48%, diz Ibope                                                  Margem de erro é de três pontos percentuais, para mais ou para menos. Instituto entrevistou 1.512 eleitores no estado entre 08 e 11 de setembro.</unit id="1250">