<?xml version='1.0' encoding='UTF-8'?>
<document>
  <info type="id" value="0078"/>
  <info type="schema" value="paragraphs"/>
  <info type="source" value="R078"/>
  <info type="source-corpus" value="C1"/>
  <info type="annotator" value="uam"/>
  <unit id="0853">O debate sobre propostas para a mobilidade do paulista elevou o tom da disputa pelo Palácio dos Bandeirantes e gerou uma nova troca de provocações entre o governador Geraldo Alckmin (PSDB) e seu adversário Alexandre Padilha (PT).</unit id="0853">
  <unit id="0854">Após ser acusado pelo tucano de ter "mentido" na propaganda eleitoral na televisão, o petista reagiu na tarde desta quarta-feira (7) e afirmou que o governador "imitou" sua ideia de oferecer descontos para o transporte integrado na região metropolitana.</unit id="0854">
  <unit id="0855">O embate começou após o petista apresentar em seu programa a proposta do Bilhete Único Metropolitano, que vai oferecer desconto de 25% para as pessoas que usam a integração entre EMTU, CPTM e metrô na região metropolitana. Pela proposta, toda pessoa que circular em alguma cidade da Região Metropolitana e precisar pegar ônibus, metrô ou trem vai pagar apenas uma passagem. O benefício valerá, segundo o candidato, para as cinco regiões metropolitanas: a região metropolitana da capital com 39 municípios, a região da baixada santista, a região do Vale do Paraíba, a região de Campinas e a região de Sorocaba.</unit id="0855">
  <unit id="0856">Padilha reagiu e disse que Alckmin recorre à Justiça para evitar discussões de projetos para São Paulo.</unit id="0856">
  <unit id="0857">"O governador que não venha com esta irritaçãozinha que não vai me calar", disse Padilha. "Toda vez que a gente toca o dedo na ferida, ele corre para tentar evitar que a verdade apareça. Foi assim quando dissemos que ele criou o Mais Crimes por causa dos índices de criminalidade e de novo agora", afirmou.</unit id="0857">
  <unit id="0858">O petista afirmou que Alckmin deu um desconto muito menor do que o sugerido por ele e que só agiu depois que tomou conhecimento de sua proposta. Padilha afirmou que os projetos não são comparáveis porque enquanto Alckmin está restrito à capital, o dele vai atingir uma área muito maior do Estado. Segundo os números da campanha, o gasto médio do usuário que fizer viagens de integração entre EMTU e Metrô na região de São Paulo passará de R$ 13 para menos de R$ 10.</unit id="0858">
  <unit id="0859">"O Bilhete único é muito melhor que esse bom eleitoral que ele apresentou. Enquanto ele está no bom, o nosso bilhete único é ótimo, vai durar por quatro anos e não apenas no período de eleição. Com a gente, quanto mais longe, mais barato fica a passagem"</unit id="0859">
  <unit id="0860">Padilha também partiu para o ataque contra o candidato do PMDB, Paulo Skaf, segundo colocado nas pesquisas. O petista, que está na terceira colocação, disse que vai manter a estratégia de mostrar as diferenças em relação aos adversários. Ele afirmou que Skaf "vestiu a carapuça" de que representa os eleitores mais ricos.</unit id="0860">
  <unit id="0861">A ideia é carimbar no peemdebista o rótulo de candidato dos patrões. A estratégia de foi criada pelo PT no início da campanha e deixada de lado por conta de um eventual apoio no segundo turno. Ela voltou a ser utilizada em discursos e na propaganda eleitoral de Padilha nas últimas semanas, após bronca do ex-presidente Luiz Inácio Lula da Silva no afilhado político.</unit id="0861">