<?xml version='1.0' encoding='UTF-8'?>
<document>
  <info type="id" value="0049"/>
  <info type="schema" value="paragraphs"/>
  <info type="source" value="R049"/>
  <info type="source-corpus" value="C1"/>
  <info type="annotator" value="uam"/>
  <unit id="0589">A candidata do PSB ao Palácio do Planalto, Marina Silva, saiu em defesa de seu ex-companheiro de chapa Eduardo Campos e disse que "não há nenhum fato determinado" contra o ex-governador de Pernambuco, morto em um acidente aéreo no dia 13 de agosto, nas investigações sobre o bilionário esquema de desvio de dinheiro na Petrobras.</unit id="0589">
  <unit id="0590">Em entrevista para o "Jornal da Record" na noite desta segunda-feira (8), Marina foi questionada sobre o aparecimento do nome de Campos em depoimento do ex-diretor da estatal Paulo Roberto Costa, que listou políticos, entre eles Campos, que foram supostamente beneficiados pelo esquema de desvio de dinheiro.</unit id="0590">
  <unit id="0591">"Em primeiro lugar, é uma citação, e na matéria não tem nenhum fato determinado. Em segundo lugar, o processo está em investigação. Queremos que as investigações sejam feitas com todo o rigor, e que aqueles que são culpados sejam punidos e os que são inocentes, que sejam inocentados", disse a candidata.</unit id="0591">
  <unit id="0592">Neste sábado (6), a revista "Veja" informou, sem dar detalhes nem valores, que Costa citou dezenas de políticos, em regime de delação premiada, que estariam envolvidos no escândalo. Além do ex-governador pernambucano, Costa citou os líderes do Congresso, o ministro de Minas e Energia, Edison Lobão, e diversos deputados e senadores da base do governo.</unit id="0592">
  <unit id="0593">Marina manteve a estratégia de fazer críticas à gestão da presidente Dilma Rousseff à frente da Petrobras e disse que a empresa está "quatro vezes mais endividada" e com o patrimônio "reduzido pela metade" desde que a petista assumiu o governo.</unit id="0593">
  <unit id="0594">"Temos vários escândalos na Petrobras, uma empresa que era eficiente e que hoje está em uma situação de completa insolvência", declarou a pessebista.</unit id="0594">
  <unit id="0595">Tecnicamente empatada em primeiro lugar com Dilma nas pesquisas de intenção de voto, Marina repetiu que irá "governar com os melhores de cada partido" e que "agora é tarde" para que a presidente indique a troca de sua equipe econômica.</unit id="0595">
  <unit id="0596">A petista declarou em entrevista na semana passada que, caso seja reeleita, trocará o ministro da Fazenda, Guido Mantega. "Eleição nova, governo novo, equipe nova", disse Dilma.</unit id="0596">