<?xml version='1.0' encoding='UTF-8'?>
<document>
  <info type="id" value="0098"/>
  <info type="schema" value="paragraphs"/>
  <info type="source" value="R098"/>
  <info type="source-corpus" value="C1"/>
  <info type="annotator" value="uam"/>
  <unit id="1062">"O que tem menos rejeição sou eu", continuou Skaf. "O governador, que é conhecido por todos, aí sim, a rejeição é rejeição mesmo."</unit id="1062">
  <unit id="1063">Na pesquisa do instituto, entretanto, o candidato à reeleição Alckmin tem 20% de rejeição, cinco pontos percentuais a menos que Skaf. Padilha, por sua vez, é o mais rejeitado: 36%, de acordo com a pesquisa –crescimento de dez pontos percentuais em comparação à primeira rodada do Datafolha, feita em julho.</unit id="1063">
  <unit id="1064">Euclides Mendes e William Mur/Editoria de Arte/Folhapress</unit id="1064">
  <unit id="1065">A pesquisa Datafolha mostrou que Alckmin permanece como líder isolado, com intenções de votos suficientes para conquistar um segundo mandato no primeiro turno, se a eleição fosse realizada na data da divulgação.</unit id="1065">
  <unit id="1066">Mas as chances do governador de liquidar a eleição em 5 de outubro vêm diminuindo desde o início do horário eleitoral gratuito. Na primeira quinzena de agosto, o tucano tinha 55% das intenções de voto, índice que passou para 53% na primeira semana de setembro e que agora é de 49%.</unit id="1066">
  <unit id="1067">Seu adversário mais próximo, Skaf tinha 16% na primeira quinzena de agosto, subiu para 22% no início de setembro e manteve esse mesmo percentual na pesquisa atual.</unit id="1067">
  <unit id="1068">O Datafolha também fez uma simulação de um eventual segundo turno entre Alckmin e Skaf. Nela, o tucano derrotaria o candidato do PMDB por 58% a 30%. Os índices são iguais aos apurados na semana passada.</unit id="1068">
  <unit id="1069">O candidato ao governo de São Paulo pelo PMDB, Paulo Skaf, minimizou nesta quinta-feira (11) o aumento em sua rejeição, mostrado pela pesquisa Datafolha divulgada no dia anterior. O índice subiu de 22%, na pesquisa feita nos dias 2 e 3 de setembro, para 25%.</unit id="1069">
  <unit id="1070">"A pouca rejeição que eu tenho é por desconhecimento", disse o candidato, em visita ao Mercado Municipal. "São pessoas que não me conhecem. Não há rejeição nenhuma de pessoas que me conhecem."</unit id="1070">
  <unit id="1071">A pergunta feita pelo Datafolha é estimulada, ou seja, os nomes dos postulantes são mostrados e, só então, é feito o questionamento: "Em quais desses candidatos você não votaria de jeito nenhum no primeiro turno?".</unit id="1071">
  <unit id="1072">Skaf tem sido alvo de ataques tanto das propagandas televisivas de Geraldo Alckmin (PSDB) como de Alexandre Padilha (PT). Os adversários têm reiterado partidos e aliados que compõem a coligação peemedebista, como o ex-governador Luiz Antônio Fleury Filho –coordenador da campanha do PMDB– e o deputado federal Paulo Maluf (PP-SP).</unit id="1072">