<?xml version='1.0' encoding='UTF-8'?>
<document>
  <info type="id" value="0124"/>
  <info type="schema" value="paragraphs"/>
  <info type="source" value="R124"/>
  <info type="source-corpus" value="C1"/>
  <info type="annotator" value="uam"/>
  <unit id="1348">O candidato do PSDB ao Planalto, Aécio Neves, criticou as posturas tanto da presidente Dilma Rousseff (PT) como da ex-senadora Marina Silva (PSB), suas maiores rivais na corrida eleitoral. Para Aécio, enquanto a petista "baixou o nível do debate", Marina se esquiva de qualquer questionamento sobre suas ideias para o país.</unit id="1348">
  <unit id="1349">"Nós temos uma candidata que baixou o nível do debate e uma outra que não quer debate nenhum, se ofendeu com a simples lembrança de que ela militou por 20 anos no PT", disse o tucano, ao cumprir agenda em São Paulo, nesta sexta-feira (12).</unit id="1349">
  <unit id="1350">Nos últimos dias, desde que o PT centrou fogo na desconstrução das propostas de Marina, Aécio adotou como tática se apresentar como o candidato da "oposição qualificada". Diz que criticara as posições políticas de Marina, mas que será sempre contra ataques pessoais.</unit id="1350">
  <unit id="1351">"Sou absolutamente contra ataques pessoais, mas a discussão política é fundamental numa eleição dessa importância", afirmou.</unit id="1351">
  <unit id="1352">O tucano, no entanto, voltou a usar uma expressão que irritou Marina. A ex-senadora escreveu esta sexta, no Twitter, que Aécio vinha sim trabalhando para desconstruir sua imagem e usou como exemplo reportagem publicada pela Folha em que o tucano diz que " o Brasil não é para amadores".</unit id="1352">
  <unit id="1353">"Vou usar novamente uma frase que espero que não ofenda ninguém, porque ela é verdadeira: o Brasil não é para amadores."</unit id="1353">
  <unit id="1354">Questionado sobre fala do ex-presidente Lula, que nesta quinta-feira (11) se referiu ao tucano como "amigo" e companheiro de longa data, respondeu com humor, mas pontuou que o gesto "não muda nada".</unit id="1354">
  <unit id="1355">"Lula era um excelente reserva na lateral esquerda do time de futebol que a gente jogava quando era deputado", iniciou. "Recorro a uma frase do meu avô Tancredo que dizia que a gente tem que botar as ideias para brigar, não as pessoas."</unit id="1355">
  <unit id="1356">Ele concluiu dizendo que fica feliz que o ex-presidente tenha se referido a ele agora de maneira diferente da que "fez outras vezes".</unit id="1356">
  <unit id="1357">"Não muda nada. Continuo disposto a desalojar esse governo que esta aí e colocar um que funcione."</unit id="1357">
  <unit id="1358">Ao lado do governador Geraldo Alckmin (PSDB), Aécio visitou nesta sexta-feira (12) a sede do Centro de Operações da Polícia Militar de São Paulo.</unit id="1358">
  <unit id="1359">No local, o presidenciável prometeu expandir para o país inteiro, caso seja eleito, o Programa Detecta, sistema de monitoramento do governo paulista por meio de alarmes e câmeras. A iniciativa é a principal bandeira eleitoral na área de segurança pública da campanha à reeleição de Alckmin.</unit id="1359">
  <unit id="1360">"Nós queremos levar esse mesmo sistema, com softwares e equipamentos, para as médias e grandes cidades brasileiras. É a tecnologia e a inteligência a serviço da segurança dos brasileiros", prometeu.</unit id="1360">