<?xml version='1.0' encoding='UTF-8'?>
<document>
  <info type="id" value="0032"/>
  <info type="schema" value="paragraphs"/>
  <info type="source" value="R032"/>
  <info type="source-corpus" value="C1"/>
  <info type="annotator" value="uam"/>
  <unit id="0383">O domingo de sol levou um bom público ao evento. Segundo a prefeitura da capital paulista, responsável por organizar a festa, a estimativa é que cerca de 30 mil pessoas acompanhe o desfile. Essa é a capacidade total do local, onde também ocorrem os desfiles de Carnaval.</unit id="0383">
  <unit id="0384">A programação, que deve terminar por volta do meio-dia, inclui o desfile de grupos do Exército, da Marinha e da Aeronáutica. Grupos motorizados e aéreos também estarão presentes nas festividades do Dia da Independência do Brasil.</unit id="0384">
  <unit id="0385">Escolas e grupos civis, como os dos escoteiros, fizeram a primeira parte do desfile de 7 de Setembro neste domingo (7) no Sambódromo do Anhembi, na zona norte de São Paulo. A entrada, para os interessados, é gratuita.</unit id="0385">
  <unit id="0386">O governador de São Paulo e candidato à reeleição no Estado, Geraldo Alckmin (PSDB), acompanha o desfile cívico-militar com várias autoridades militares.</unit id="0386">
  <unit id="0387">Das 8.000 pessoas que vão desfilar no Anhembi metade é civil e a outra metade é de representantes militares.</unit id="0387">
  <unit id="0388">O desfile em comemoração aos 192 anos da Independência do Brasil começou por volta das 11h com a entrada dos membros da FEB (Força Expedicionária Brasileira), que lutaram na Segunda Guerra Mundial, e de vários outros grupos históricos das forças armadas.</unit id="0388">