<?xml version='1.0' encoding='UTF-8'?>
<document>
  <info type="id" value="0023"/>
  <info type="schema" value="paragraphs"/>
  <info type="source" value="R023"/>
  <info type="source-corpus" value="C1"/>
  <info type="annotator" value="uam"/>
  <unit id="0238">Candidata à reeleição pelo PT, a presidente Dilma Rousseff afirmou neste domingo (7) que as denúncias publicadas neste final de semana pela revista "Veja", que citam políticos da base aliada que teriam sido beneficiados com pagamentos de propinas oriundas de contratos com fornecedores da Petrobras, não "lança suspeita" contra seu governo. Em entrevista no Palácio do Alvorada, a petista reiterou que só tomará providência em relação ao assunto no momento em que for comunicada do conteúdo dos depoimentos do ex-diretor da petroleira Paulo Roberto Costa por meio de órgãos oficiais.</unit id="0238">
  <unit id="0239">"[A denúncia revelada pela revista] não lança suspeita nenhuma sobre o governo, na medida em que ninguém do governo foi oficialmente acusado. E, quero dizer, o governo tem tido, em relação a esta questão, uma posição extremamente clara. Aliás, foram órgãos do governo que levaram a essa investigação, foi a PF [Polícia Federal], não caiu do céu", disse Dilma durante a entrevista na residência oficial da Presidência.</unit id="0239">
  <unit id="0240">Em meio a entrevista deste domingo no Alvorada, Dilma afirmou que ainda não conversou com Lobão, o único integrante do primeiro escalão citado na reportagem de "Veja". Indagada sobre se o titular de Minas e Energia permanecerá no cargo após a menção do nome dele na reportagem, a chefe do Executivo destacou que não fará mudanças antes de ter acesso ao conteúdo dos depoimentos.</unit id="0240">
  <unit id="0241">Ela ainda ressaltou que gostaria “muito” de ter acesso, "de forma oficial", às informações publicadas pela revista. A presidente disse que nem precisa de todos os dados, mas espera ter acesso, pelo menos, aos trechos que citem membros do governo.</unit id="0241">
  <unit id="0242">“E eu acredito que ninguém tem acesso a esses dados [informações relatadas pela revista]. Eu não posso tomar nenhuma providência enquanto não tiver todos os dados oficialmente entregues e não acredito que os dados da reportagem sejam oficiais. Ao ter os dados, tomarei todas as providências cabíveis, todas as medidas, inclusive, se tiver de tomar medidas mais fortes”, enfatizou.</unit id="0242">
  <unit id="0243">saiba mais 	 			Vazar delação é desespero para 'mudar rumo' da eleição, diz ministro</unit id="0243">
  <unit id="0244">Questionada durante a entrevista sobre críticas da candidata do PSB ao Palácio do Planalto, Marina Silva, em torno do tom que PT adotou contra ela nas propagandas eleitorais, Dilma disse “lamentar” que alguém interprete seu programa como ataques à ex-senadora. Ela alegou que apresenta em seu espaço no horário eleitoral propostas do plano de governo.</unit id="0244">
  <unit id="0245">“Sinto muito [se Marina Silva avalia as propagandas eleitorais como ataques]. Esse não é nosso interesse, não é, de maneira alguma. Nós não queremos agredir, nós queremos fazer um debate qualificado. Eu lamento que debate qualificado seja visto como agressão", ponderou a presidente.</unit id="0245">
  <unit id="0246">“E eu considero que o meu programa tem sido um programa da defesa das minhas ações, das ações e posições do governo. Eu não posso concordar em ver uma série de questões, como é o caso do petróleo do pré-sal, descoberto a 7 mil metros de profundidade, uma riqueza do país que é o passaporte para o futuro, ser comprometido”, complementou a petista, ao se referir a Marina Silva.</unit id="0246">
  <unit id="0247">Sem citar nomes, a presidente criticou indiretamente a adversária do PSB, dizendo que ela não muda de opiniões – após divulgar o programa de governo, Marina Silva alterou pontos referentes à energia nuclear e à defesa ao casamento gay.</unit id="0247">
  <unit id="0248">“O debate tem de ter, porque vivemos numa democracia. Ninguém pode falar sem externar opinião. O que acontece comigo é que não mudamos de opinião todos os santos dias. Quando a gente diz uma coisa agora, repetimos às 18h do dia seguinte”, ironizou.</unit id="0248">
  <unit id="0249">Guido Mantega</unit id="0249">
  <unit id="0250">Nos últimos dias, Dilma tem sido questionada pela imprensa sobre eventual troca no comando de sua equipe econômica, caso seja reeleita. A presidente chegou a sinalizar, na última semana, que faria mudanças no primeiro escalão em um eventual segundo mandato, sem dizer diretamente as pessoas que seriam substituídas.</unit id="0250">
  <unit id="0251">“Eu sempre digo que um governo novo fará uma equipe nova. As pessoas que vão compor essa equipe podem vir do governo anterior, mas é uma equipe nova. Eu não vou discutir minha equipe de governo nem vou escalá-la nessa altura do campeonato. […] Não vou escalar ninguém, não vou indicar ministros antecipadamente e acho que isso é sentar na cadeira antes do tempo”, ressaltou a presidente.</unit id="0251">
  <unit id="0252">Após a entrevista deste domingo, a presidente se reuniu no Palácio da Alvorada com o ministro da Fazenda, Guido Mantega. A assessoria da Presidência não divulgou a pauta do encontro.</unit id="0252">
  <unit id="0253">Reforma política</unit id="0253">
  <unit id="0254">Antes de falar com a imprensa na residência oficial, Dilma Rousseff se reuniu no Alvorada com lideranças de movimentos da juventude para discutir propostas para a reforma política. A audiência com 22 entidades serviu para que a candidata do PT ouvisse sugestões de propostas para alterar o sistema político e eleitoral do país. No encontro, a petista voltou a defender a realização de um plebiscito no país para promover a reforma política.</unit id="0254">
  <unit id="0255">Com apoio de PT e PC do B, um grupo formado por representantes de 402 entidades busca assinaturas para pedir a convocação de um plebiscito em que a população decida se quer ou não a formação de uma assembleia constituinte exclusiva para implementar uma reforma política, com mudança nas regras eleitorais em vigor no país. Ao longo da última semana, um plebiscito foi realizado no país de forma simbólica pelas entidades que apoiam o projeto.</unit id="0255">
  <unit id="0256">“Eu tenho escutado muita gente dizer que o plebiscito seria uma forma de implantar no Brasil o bolivarianismo [termo usado para se referir a Simon Bolívar, líder político venezuelano]. Acho absolutamente estranha essa fala e essa manifestação. Porque o plebiscito, o referendo e as manifestações são típicos de democracia”, destacou Dilma.</unit id="0256">
  <unit id="0257">Em dois meses de campanha, Dilma arrecada o dobro de Aécio e Marina                                                  Petista captou R$ 123,3 milhões; Aécio, R$ 42,3 mi; e Marina, R$ 19,5 mi. Gastos dos três principais candidatos à Presidência são de R$ 104 milhões.</unit id="0257">