<?xml version='1.0' encoding='UTF-8'?>
<document>
  <info type="id" value="0104"/>
  <info type="schema" value="paragraphs"/>
  <info type="source" value="R104"/>
  <info type="source-corpus" value="C1"/>
  <info type="annotator" value="uam"/>
  <unit id="1138">Após dias reclamando de ataques por parte do PT, a campanha de Marina Silva lançou nesta quinta-feira 11 um site para combater o que chama de "boatos" sobre sua campanha.</unit id="1138">
  <unit id="1139">Intitulada "A verdade", a página traz a posição oficial de Marina e as respostas sobre nove acusações que têm sido feitas contra a ex-senadora, entre elas as de acabar com os programas Bolsa Família e Minha Casa Minha Vida, não explorar o petróleo da camada pré-sal e ter proximidade com o banco Itaú, representado por Neca Setúbal, uma das autoras do programa de governo de Marina e integrante da família dona do banco. Para cada um dos temas há um esclarecimento de um parágrafo, acompanhado de um link que remete para textos e vídeos com a defesa de Marina.</unit id="1139">
  <unit id="1140">O site é feito para os militantes da candidata do PSB. No alto da página, há uma frase de Marina, na qual ela pede aos eleitores para "doarem" tempo para a campanha dela e "combater as calúnias" nas redes sociais.</unit id="1140">