<?xml version='1.0' encoding='UTF-8'?>
<document>
  <info type="id" value="0022"/>
  <info type="schema" value="paragraphs"/>
  <info type="source" value="R022"/>
  <info type="source-corpus" value="C1"/>
  <info type="annotator" value="uam"/>
  <unit id="0223">"Não condeno previamente ninguém, mas que existia, segundo o diretor mais importante da empresa [Petrobras], uma organização criminosa funcionando dentro dela durante todo esse período de governo, isso parece que é, segundo a Polícia Federal, um fato inquestionável. E é uma empresa que teve sempre atenção muito próxima da presidente da República", destacou..</unit id="0223">
  <unit id="0224">Neste domingo, durante entrevista coletiva no Palácio da Alvorada, residência oficial da Presidência da República, Dilma Rousseff comentou as denúncias publicadas na revista "Veja", ressaltando que não geram suspeita sobre o governo federal.</unit id="0224">
  <unit id="0225">"[A denúncia revelada pela revista] não lança suspeita nenhuma sobre o governo, na medida em que ninguém do governo foi oficialmente acusado. E, quero dizer, o governo tem tido, em relação a esta questão, uma posição extremamente clara. Aliás, foram órgãos do governo que levaram a essa investigação, foi a PF [Polícia Federal], não caiu do céu", disse Dilma.</unit id="0225">
  <unit id="0226">PT e PSDB estão em uma 'campanha desleal' contra mim, diz Marina                                                  Candidata do PSB afirmou que adversários praticam 'difamação e calúnia'. Ex-senadora concedeu entrevista coletiva neste domingo (7), em São Paulo.</unit id="0226">
  <unit id="0227">Confira como foi a quinta-feira (4) de candidatos à Presidência                                                  Dilma Rousseff fez campanha no Ceará; Marina Silva visitou o Rio Grande do Sul; e Aécio Neves passou o dia em Minas Gerais.</unit id="0227">
  <unit id="0228">O candidato do PSDB à Presidência da República, Aécio Neves, afirmou neste domingo (7), durante encontro com evangélicos em São Gonçalo (RJ), na região metropolitana do Rio de Janeiro, que não dá para dizer que a presidente Dilma Rousseff "não sabia" de suposto esquema de pagamento de propinas oriundas de contratos com fornecedores da Petrobras. O presidenciável tucano ressaltou que o "aparelhamento do Estado" se tornou marca dos governos petistas.</unit id="0228">
  <unit id="0229">"Não dá pra dizer que [Dilma] não sabia de nada. Esse é o resultado mais perverso daquela que, para mim, é a pior das marcas do governo do PT, o aparelhamento do Estado Brasileiro. O PT, para se manter no poder, esqueceu aquilo que pregava e até as boas intenções que provavelmente já teve em algum momento", disse o candidato do PSDB no ato político em São Gonçalo.</unit id="0229">
  <unit id="0230">Reportagem da edição deste fim de semana da revista "Veja" afirma que o ex-diretor de Refino e Abastecimento da estatal Paulo Roberto Costa revelou em depoimentos ao Ministério Público Federal (MPF), na superintendência da Polícia Federal em Curitiba, que três governadores, seis senadores, um ministro e, pelo menos, 25 deputados federais foram beneficiados com pagamentos de propinas oriundas de contratos com fornecedores da estatal.</unit id="0230">
  <unit id="0231">Segundo a publicação, Costa citou, entre outros políticos, os nomes da governadora Roseana Sarney (Maranhão) e dos ex-governadores Sérgio Cabral (Rio) e Eduardo Campos (Pernambuco); do ministro de Minas e Energia, Edison Lobão; dos senadores Renan Calheiros (PMDB-AL), Romero Jucá (PMDB-RR) e Ciro Nogueira (PP-PI); e dos deputados Henrique Eduardo Alves (PMDB-RN), Cândido Vacarezza (PT-SP), Mário Negromonte (PP-BA) e João Pizzolatti (PP-SC). Os políticos mencionados na reportagem negam envolvimento no esquema de pagamento de propina na Petrobras.</unit id="0231">
  <unit id="0232">Durante na região metropolitana da capital fluminense, Aécio voltou a chamar o caso, como havia dito neste sábado (2), de "Mensalão 2". Segundo ele, empresas públicas se submeteram ao projeto político do PT.</unit id="0232">
  <unit id="0233">saiba mais 	 			Denúncia de delação não 'lança suspeita' sobre o governo, diz Dilma</unit id="0233">
  <unit id="0234">Ex-diretor da Petrobras citou políticos que receberam propina, diz revista</unit id="0234">
  <unit id="0235">Vazar delação é desespero para 'mudar rumo' da eleição, diz ministro</unit id="0235">
  <unit id="0236">"O que estamos assistindo a partir dessas denúncias, e aguardamos que outras informações possam vir, mas essas denúncias mostram que o Mensalão não acabou, ou pelo menos se criou o Mensalão 2 durante todo esse período de governo do PT. As empresas públicas se submeteram a um projeto de poder", declarou.</unit id="0236">
  <unit id="0237">Aécio Neves afirmou durante entrevista coletiva, ver com "cautela" as denúncias envolvendo a estatal do petróleo e defendeu a apuração das informações apresentadas por Paulo Roberto Costa ao MPF. O candidato do PSDB sugeriu também que o ex-diretor da Petrobras volte a prestar depoimento à Comissão Parlametnar Mista de Inquérito (CPMI) instalada no Congresso para dizer, "de forma muito clara", como funcionava o suposto esquema.</unit id="0237">