<?xml version='1.0' encoding='UTF-8'?>
<document>
  <info type="id" value="0085"/>
  <info type="schema" value="paragraphs"/>
  <info type="source" value="R085"/>
  <info type="source-corpus" value="C1"/>
  <info type="annotator" value="uam"/>
  <unit id="0922">Acabar com este poder excessivo de empresários como Eike no pleito se tornou um objetivo de diversas entidades. Movimentos sociais fizeram, na última semana, um "plebiscito popular" pedindo uma reforma política que possa rever a forma como as eleições são organizadas e financiadas. A OAB, a CNBB e outros grupos têm uma proposta para acabar com o financiamento privado.</unit id="0922">
  <unit id="0923">O presidente da OAB, Marcus Vinicius Furtado Coelho, diz que este financiamento perpetua um problema nacional. Para ele, o princípio de “um homem, um voto” nunca valeu plenamente no Brasil. As regras atuais, que estabelecem o limite de dois por cento da renda anual de uma empresa, não parecem suficientes para equilibrar as eleições.</unit id="0923">
  <unit id="0924">O caminho mais próximo para mudar este quadro é o Supremo Tribunal Federal. Seis ministros já votaram favoravelmente à proibição de doações por empresas, em uma ação direta de inconstitucionalidade feita pela própria OAB. Até o STF retomar este objeto, porém, o eleitor segue sem muita opção.</unit id="0924">
  <unit id="0925">Todos os comentários são moderados, e as opiniões aqui expressas são de  responsabilidade exclusiva dos leitores. Não serão aceitas mensagens com  links externos ao site, em letras maiúsculas, que ultrapassem 1 mil  caracteres, com ofensas pessoais, preconceituosas, ou que incitem o ódio  e a violência. Não há, contudo, moderação ideológica. A ideia é promover o  debate mais livre possível, dentro de um patamar mínimo de bom senso e  civilidade. Obrigado.</unit id="0925">
  <unit id="0926">A um mês do primeiro turno, alguns vencedores da eleição deste ano estão definidos. Estes ganhadores são empresas que já garantiram seu poder nos próximos quatro anos, independentemente de quem lidera as apurações e sairá vencedor das urnas em outubro. A estratégia delas é pulverizar doações para diferentes candidatos. Desta forma, terão com o político eleito uma relação de "altruísmo recíproco", na prática tornando o eleito, não importa quem seja, um "devedor" da empresa.</unit id="0926">
  <unit id="0927">Até agora, o frigorífico JBS e as construtoras OAS e Andrade Gutierrez são os principais doadores das eleições deste ano. No total, investiram 64 milhões de reais – ou seja, quase quarenta por cento do recebido por Dilma Rousseff (PT), Aécio Neves (PSDB) e Marina Silva (PSB) por meio de seus comitês.</unit id="0927">
  <unit id="0928">Os dados ainda são incompletos. Eles se referem aos dois primeiros meses da campanha, e a maior parte das doações acontece no período final da campanha, quando os gastos também aumentam. Se for mantido o padrão das últimas eleições, esta concentração só deve piorar.</unit id="0928">
  <unit id="0929">Nas últimas eleições gerais, a construtora Camargo Corrêa financiou diretamente 133 candidatos e outros 50 comitês, que espalham o dinheiro para outros candidatos. O espectro ideológico da sua bancada era abrangente, com políticos que iam do PC do B ao DEM. Desta forma, os 100,45 milhões de reais investidos pela empresa poderiam bancar a campanha de todo o Congresso Nacional.</unit id="0929">
  <unit id="0930">A disputa presidencial também seguia lógica semelhante. Dilma Rousseff (PT) e José Serra (PSDB) tiveram 78 doadores em comum, responsáveis por quase 70% do valor arrecadado por ambos. No segundo turno, o eleitor podia escolher entre os dois candidatos, mas as empresas vencedoras eram as mesmas.</unit id="0930">
  <unit id="0931">Naquele ano, o ex-bilionário Eike Batista resumiu a postura do empresariado com uma transparência rara entre os seus pares. Ele havia doado aos três primeiros colocados na eleição presidencial: um milhão de reais para Dilma, outro para Serra e meio para Marina, então no PV. Em entrevista ao programa Roda Viva, Eike explicou que não poderia deixar seus projetos “atrasarem por razões políticas”. Os projetos de Eike estancaram, mas ‘razões políticas’ não parecem ter sido o motivo.</unit id="0931">