<?xml version='1.0' encoding='UTF-8'?>
<document>
  <info type="id" value="0028"/>
  <info type="schema" value="paragraphs"/>
  <info type="source" value="R028"/>
  <info type="source-corpus" value="C1"/>
  <info type="annotator" value="uam"/>
  <unit id="0337">Alguns citados negaram participação no esquema, e outros não se manifestaram. As menções de Costa, acusado de liderar esquema de desvios na Petrobras, repercutiram de imediato na campanha presidencial.</unit id="0337">
  <unit id="0338">A presidente afirmou que ainda não cobrou explicações de Lobão e voltou a dizer que não tem informações concretas sobre as supostas irregularidades. A petista disse ainda que caso exista envolvimento de pessoas do seu governo, ela irá tomar as medidas necessárias.</unit id="0338">
  <unit id="0339">"Ao ter os dados eu tomarei todas as providências cabíveis, tomarei todas as medidas, inclusive, se tiver que tomar medidas mais fortes", concluiu.</unit id="0339">
  <unit id="0340">A presidente Dilma Rousseff aproveitou recuos da candidata Marina Silva em relação a alguns pontos de suas propostas eleitorais para criticar a adversária. Mesmo sem citar o nome da ex-senadora, Dilma disse que seu governo não muda de posição "todo dia".</unit id="0340">
  <unit id="0341">"O que acontece com meu governo e comigo é que nós não mudamos de posição todos os dias, todos os santos dias. Quando a gente afirma uma coisa agora a gente repete a coisa às 18h e no dia seguinte", disse.</unit id="0341">
  <unit id="0342">A crítica de Dilma faz referência ao fato de Marina ter retirado de seu plano de governo o apoio ao casamento gay e ter mudado de opinião para passar a defender a impossibilidade de punir militares beneficiados pela Lei da Anistia.</unit id="0342">
  <unit id="0343">Dilma ainda disse que as críticas que tem feito a Marina não podem ser interpretadas como agressões pela adversária, pois fazem parte do debate democrático. "Nós não queremos agredir, queremos fazer um debate qualificado".</unit id="0343">
  <unit id="0344">As declarações foram dadas na residência oficial da presidente, em Brasília, após ela receber um grupo de jovens ligados a movimentos sociais, culturais e de direitos LGBTs.</unit id="0344">
  <unit id="0345">Eles queriam que Dilma se dissesse a favor de um plebiscito para a formação de uma assembleia constituinte exclusiva para fazer a reforma política. A presidente preferiu não assinar o documento, mas disse ser favorável, de maneira ampla, a plebiscitos, e repetiu que uma reforma política deve ser feita no Brasil.</unit id="0345">
  <unit id="0346">Questionada sobre nomes que levaria para sua equipe ministerial num eventual novo governo, a presidente disse que só pensaria nisso no dia 1º de janeiro e caso fosse eleita. De toda forma, disse que terá uma equipe nova, mesmo que alguns dos nomes atuais permaneçam nos postos.</unit id="0346">
  <unit id="0347">"Um governo novo fará uma equipe nova. As pessoas que vão compor essa equipe podem vir do governo anterior, mas é uma nova equipe".</unit id="0347">
  <unit id="0348">A presidente Dilma Rousseff afirmou neste domingo (7) que não existem suspeitas sobre seu governo, uma vez que ninguém ainda foi formalmente acusado.</unit id="0348">
  <unit id="0349">"[Uma reportagem] não lança suspeita nenhuma sobre o governo, na medida em que ninguém do governo foi oficialmente acusado", disse a petista.</unit id="0349">
  <unit id="0350">Ela afirmou ainda que não recebeu, de maneira oficial, informações sobre as denúncias, em regime de delação premiada, feitas pelo ex-diretor da Petrobras Paulo Roberto Costa.</unit id="0350">
  <unit id="0351">O ex-diretor citou à Polícia Federal os presidentes do Senado, Renan Calheiros (PMDB), e da Câmara, Henrique Eduardo Alves (PMDB), como beneficiários de um esquema de suborno na Petrobras, segundo a revista "Veja".</unit id="0351">
  <unit id="0352">Sem dar detalhes nem valores, a revista diz que o ex-diretor também ligou à propina o ministro Edison Lobão (Minas e Energia) e Eduardo Campos, presidenciável do PSB morto no dia 13 de agosto em um acidente aéreo em Santos (SP).</unit id="0352">
  <unit id="0353">Editoria de Arte/Folhapress</unit id="0353">
  <unit id="0354">Na lista do ex-executivo aprecem o deputado Cândido Vaccarezza (PT-SP) e o tesoureiro do PT, João Vaccari Neto, suposto elo do esquema com o partido.Os nomes, segundo a revista, surgiram no acordo de delação premiada que Costa fez com procuradores da força-tarefa da Operação Lava Jato, deflagrada em março com a prisão do doleiro Alberto Youssef, acusado de liderar o esquema de lavagem que movimentou R$ 10 bilhões.</unit id="0354">