<?xml version='1.0' encoding='UTF-8'?>
<document>
  <info type="id" value="0102"/>
  <info type="schema" value="paragraphs"/>
  <info type="source" value="R102"/>
  <info type="source-corpus" value="C1"/>
  <info type="annotator" value="uam"/>
  <unit id="1100">Locutor: "Ou seja, os brasileiros perderiam uma oportunidade única de desenvolvimento''</unit id="1100">
  <unit id="1101">(neste momento, as páginas do livro usado por uma criança ficam em branco)</unit id="1101">
  <unit id="1102">Locutor: "É isso que você quer para o futuro do Brasil?''</unit id="1102">
  <unit id="1103">(câmera volta para as crianças, agora sem mais nenhum livro à mesa)</unit id="1103">
  <unit id="1104">As informações são do Blog do jornalista Fernando Rodrigues, no UOL, empresa do Grupo Folha</unit id="1104">
  <unit id="1105">Em mais um comercial de ataque, a campanha de Dilma Rousseff (PT) à reeleição agora faz críticas a respeito de como seria conduzida a exploração do pré-sal num eventual governo que tenha Marina Silva (PSB) como presidente.</unit id="1105">
  <unit id="1106">A propaganda de Dilma diz que a proposta de Marina para o pré-sal "significaria que a educação e a saúde poderiam perder 1 trilhão e 300 bilhões de reais''. E que "milhões de empregos estariam ameaçados em todo o país''.</unit id="1106">
  <unit id="1107">O filme de 30 segundos (assista abaixo) repete a fórmula simples de outro já veiculado no início desta semana a respeito da autonomia do Banco Central.</unit id="1107">
  <unit id="1108">Na propaganda desta quinta-feira (11), o marqueteiro João Santana também começa com uma mesa rodeada por homens em um ambiente empresarial, aparentemente discutindo negócios. O locutor fala que Marina Silva, se eleita, "vai reduzir a prioridade do pré-sal''.</unit id="1108">
  <unit id="1109">Na cena seguinte, um mulher está com várias crianças estudando em torno de uma mesa. Quando o locutor fala que sem os recursos do pré-sal haverá menos dinheiro para educação, gradualmente vão desaparecendo os conteúdos dos livros. Uma criança se "surpreende" com as páginas que ficaram em branco.</unit id="1109">
  <unit id="1110">Ao final, os empresários parecem felizes com o desfecho da história. A mulher e as crianças ficam com aparência de desolação e não há mais mais nada à mesa.</unit id="1110">
  <unit id="1111">Esse comercial sobre o pré-sal e o que tratava de Banco Central fazem parte de uma série de propagandas de 30 segundos que visam a desconstruir a imagem de Marina Silva.</unit id="1111">
  <unit id="1112">A mensagem da campanha de Dilma pretende difundir a ideia de que as propostas de Marina Silva serão ruins para o Brasil. Outros filmes serão veiculados nos próximos dias e semanas.</unit id="1112">
  <unit id="1113">O objetivo é fazer com que Dilma termine o 1º turno à frente de Marina, mas também que a petista possa entrar no 2º turno com alguma vantagem sobre a pessebista –hoje, a situação é de empate técnico entre ambas no Datafolha.</unit id="1113">
  <unit id="1114">A estratégia de usar propagandas para tentar desconstruir adversários não é nova nas disputas políticas no Brasil e em outros países. Às vezes, tem resultado. Em maio deste ano, um comercial com o discurso do medo ajudou Dilma a se manter acima de 30% das intenções de voto.</unit id="1114">
  <unit id="1115">Locutor: "Marina tem dito que, se eleita, vai reduzir a prioridade do pré-sal. Parece algo distante da vida da gente, né? Parece, mas não é''</unit id="1115">
  <unit id="1116">(música incidental de tom grave, quase fúnebre)</unit id="1116">
  <unit id="1117">(corte para uma cena de crianças estudando em torno de uma mesa)</unit id="1117">
  <unit id="1118">(corte para os empresários apertando as mãos e comemorando)</unit id="1118">