<?xml version='1.0' encoding='UTF-8'?>
<document>
  <info type="id" value="0093"/>
  <info type="schema" value="paragraphs"/>
  <info type="source" value="R093"/>
  <info type="source-corpus" value="C1"/>
  <info type="annotator" value="uam"/>
  <unit id="0996">"Não pode falar em entregar a Petrobras quem entregou o maior poço de petróleo, o campo de Libra. 60% das reservas do pré-sal foram entregues para empresas estrangeiras", disse Amaral, em evento no Clube de Engenharia, no Rio.</unit id="0996">
  <unit id="0997">Marina afirmou que pretende manter os contratos assinados e investir os royalties do petróleo em saúde e educação. Ela se comprometeu em manter os leilões dos campos de exploração.</unit id="0997">
  <unit id="0998">Organizado para combater as críticas que recebe da presidente Dilma Rousseff por supostamente querer "acabar com o pré-sal", o evento pouco expôs a proposta da candidata para o setor.</unit id="0998">
  <unit id="0999">Ela reafirmou que vai manter a exploração do pré-sal, mas disse que investirá no desenvolvimento de tecnologia para geração de energia limpa. Reconheceu, contudo, que o petróleo permanecerá como fonte principal da matriz energética no curto prazo.</unit id="0999">
  <unit id="1000">"A Petrobras não será entregue aos interesses desse ou daquele grupo para evitar o que temos hoje", disse ela.</unit id="1000">
  <unit id="1001">A ex-ministra ironizou ainda o evento programado para semana que vem, organizado pela campanha de Dilma e sindicatos do setor, em defesa do pré-sal. "Talvez fosse coerente chamar o Paulo Roberto [Costa, ex-diretor da estatal preso sob suspeita de corrupção]."</unit id="1001">
  <unit id="1002">Marina manteve o discurso de que é alvo de mentiras divulgadas pelo PT e PSDB.</unit id="1002">
  <unit id="1003">A candidata do PSB defendeu um "aperfeiçoamento" da política de conteúdo nacional, que privilegia a compra de equipamentos para a estatal de componentes produzidos no país. Ela não detalhou que mudanças faria no atual formato.</unit id="1003">
  <unit id="1004">Em ato para defender-se do que chama de boatos e mentiras sobre sua posição sobre o pré-sal, a candidata Marina Silva (PSB) ouviu do presidente de seu partido discurso que critica os leilões de campos de petróleo. Ela defende a manutenção das licitações.</unit id="1004">
  <unit id="1005">O presidente do PSB, Roberto Amaral, criticou o leilão do campo de Libra, considerado a principal área de exploração de petróleo.</unit id="1005">