<?xml version='1.0' encoding='UTF-8'?>
<document>
  <info type="id" value="0082"/>
  <info type="schema" value="paragraphs"/>
  <info type="source" value="R082"/>
  <info type="source-corpus" value="C1"/>
  <info type="annotator" value="uam"/>
  <unit id="0891">A campanha do candidato do PT ao governo de São Paulo, Alexandre Padilha, replicou em sua propaganda eleitoral nesta quarta-feira (11), contra Paulo Skaf (PMDB), ataque feito pela presidente Dilma Rousseff à sua adversária Marina Silva (PSB).</unit id="0891">
  <unit id="0892">Os dois petistas têm tratado Skaf e Marina como "salto no escuro", aproveitando que eles se apresentam como uma "terceira via" que se diz disposta a quebrar a tradicional polarização entre PT e PSDB.</unit id="0892">
  <unit id="0893">A referência a Skaf é feita com uma imagem dele ao lado do ex-prefeito e candidato ao Senado Gilberto Kassab e do ex-governador Luiz Antonio Fleury. Antes, ele exibe uma montagem do governador Geraldo Akclmin (PSDB) ao lado do ex-presidente Fernando Henrique Cardoso e de José Serra (PSDB), ex-governador e candidato ao Senado.</unit id="0893">
  <unit id="0894">O marqueteiro de Dilma é supervisor da publicidade de Padilha.</unit id="0894">
  <unit id="0895">Terceiro colocado na disputa , Padilha foi pressionado a aumentar o tom de suas propagandas. Apesar de negar que Skaf tenha se tornado seu principal alvo, o petista também tem elevado as críticas contra o peemedebista.</unit id="0895">
  <unit id="0896">A campanha de Padilha passou ainda a divulgar outra propaganda na qual sustenta que substituir o governador Geraldo Alckmin (PSDB) por Skaf é "trocar seis por meia dúzia".</unit id="0896">
  <unit id="0897">O filme petista dedicou boa parte a destacar investimentos do governo federal em São Paulo –foram R$ 446 bilhões em aportes.</unit id="0897">
  <unit id="0898">Em sua propaganda, Skaf voltou a mostrar promessas não cumpridas por Alckmin e assegurou que o seu sistema educacional vai seguir o padrão do Sesi.</unit id="0898">
  <unit id="0899">O governador também tratou de educação e destacou o programa Vence 100%, que garante vagas em cursos técnicos para todos os estudantes do ensino médio.</unit id="0899">