<?xml version='1.0' encoding='UTF-8'?>
<document>
  <info type="id" value="0079"/>
  <info type="schema" value="paragraphs"/>
  <info type="source" value="R079"/>
  <info type="source-corpus" value="C1"/>
  <info type="annotator" value="uam"/>
  <unit id="0862">A candidata à Presidência Marina Silva (PSB) enviou à Justiça Eleitoral retificação de seu patrimônio declarado, acrescentando um saldo de R$ 45,6 mil em aplicações bancárias.</unit id="0862">
  <unit id="0863">O valor informado –aplicado em poupança e em renda fixa no HSBC– representa um terço do que Marina havia informado como a totalidade de seus bens, no início de julho. Com a retificação, o patrimônio declarado sobe de R$ 135 mil para R$ 181 mil.</unit id="0863">
  <unit id="0864">A correção foi pedida à Justiça na última quinta-feira (4), o mesmo dia em que veio à tona a informação de que a campanha de Dilma Rousseff (PT) iria pedir ao Ministério Público investigação sobre eventual omissão de Marina em relação aos seus ganhos com palestras.</unit id="0864">
  <unit id="0865">No dia 31 de agosto, quatro dias antes do pedido de retificação de seus bens declarados, a Folha revelou que empresa aberta pela ex-ministra do Meio Ambiente obteve faturamento bruto com palestras de R$ 1,6 milhão entre março de 2011 e maio de 2014.</unit id="0865">
  <unit id="0866">O lucro obtido foi de R$ 1 milhão, dinheiro que, segundo sua assessoria disse no início do mês, foi usado "exclusivamente para a sua sobrevivência e de sua família".</unit id="0866">
  <unit id="0867">O advogado da campanha de Marina, Ricardo Penteado, afirmou que houve um esquecimento na declaração inicial feita à Justiça Eleitoral, no início de julho, quando Marina ainda era vice na chapa de Eduardo Campos, morto em acidente aéreo no dia 13 de agosto.</unit id="0867">
  <unit id="0868">Segundo Penteado, os valores estão informados na declaração de Imposto de Renda da candidata. O pedido de correção foi autorizado pelo ministro do TSE (Tribunal Superior Eleitoral) João Otávio de Noronha, relator do pedido de registro da candidatura de Marina.</unit id="0868">
  <unit id="0869">Os bens de Marina, já retificados, se dividem em R$ 7,5 mil em contas bancárias, R$ 5.000 como capital de sua empresa, e R$ 102,5 mil relativos a casa e lotes no Acre, seu Estado natal.</unit id="0869">
  <unit id="0870">Os principais adversários de Marina declararam à Justiça patrimônio bem maior. Dilma Rousseff informou ter R$ 1,751 milhão. Aécio Neves (PSDB), R$ 2,5 milhões.</unit id="0870">