<?xml version='1.0' encoding='UTF-8'?>
<document>
  <info type="id" value="0004"/>
  <info type="schema" value="paragraphs"/>
  <info type="source" value="R004"/>
  <info type="source-corpus" value="C1"/>
  <info type="annotator" value="uam"/>
  <unit id="0036">A candidata foi apresentada como alguém que sabe dialogar e tem experiência legislativa. Outra crítica que Marina tenta rebater dos adversários é a de que não tem capacidade para fazer um governo que consiga a aprovação de projetos importantes no Congresso, visto que seu partido, o PSB, tem uma base de poucos parlamentares.</unit id="0036">
  <unit id="0037">Marina ainda comentou na TV o resultado do Ideb (Índice de Desenvolvimento da Educação Básica), em que a educação "deu um salto" em Pernambuco, Estado governador por Campos. "O resultado vem do investimento em educação integral", disse.</unit id="0037">
  <unit id="0038">Segundo aliados, as acusações de que Marina não dará prioridade à exploração do pré-sal caso seja eleita em outubro são uma "cortina de fumaça" para que o PT esconda as denúncias que Paulo Roberto Costa, ex-diretor da estatal, faria contra pessoas ligadas ao governo federal.</unit id="0038">
  <unit id="0039">Oficialmente, Marina dirá que todas as acusações precisam ser investigadas e reforçará a ideia de que a Petrobras não pode ser utilizada para beneficiar políticos.</unit id="0039">
  <unit id="0040">Afirmará ainda que está sendo vítima de uma "campanha de mentiras e boatos" e que a exploração do pré-sal é sim uma prioridade de seu eventual governo, ao contrário do que diz o PT da presidente Dilma Rousseff.</unit id="0040">
  <unit id="0041">A cúpula da campanha de Marina foi informada sobre a divulgação da lista de Costa na tarde de sexta-feira, mas ainda não tinha confirmação sobre a citação de Campos.</unit id="0041">
  <unit id="0042">A partir daí, a avaliação foi a de que a candidata precisaria ir para a televisão e se apropriar do tema. Falar da Petrobras via pré-sal, avaliam interlocutores da candidata, é uma forma de ela se defender dos ataques petistas e também criar a vacina que sua candidatura precisa.</unit id="0042">
  <unit id="0043">A cúpula do PSB mobilizou dirigentes do partido para levantar toda a documentação referente à construção da refinaria Abreu e Lima e preparar uma defesa do ex-governador de Pernambuco Eduardo Campos, morto em 13 de agosto. O então presidenciável aparece na lista de políticos que teriam sido beneficiados por um esquema bilionário de corrupção na Petrobras.</unit id="0043">
  <unit id="0044">A sigla decidiu, porém, que ainda não falará oficialmente sobre o caso. Pessebistas avaliam que o envolvimento de Campos é superficial, já que até agora não foram divulgadas provas contra ele.</unit id="0044">
  <unit id="0045">A força-tarefa tem como principal objetivo blindar a candidatura de Marina Silva à Presidência da República.</unit id="0045">
  <unit id="0046">A ex-senadora foi orientada pela cúpula de sua campanha a tratar do caso já na propaganda eleitoral desde sábado (6). Na noite de sexta-feira (5), em São Paulo, gravou um depoimento que servirá como "espécie de vacina" para sua candidatura diante do assunto Petrobras.</unit id="0046">
  <unit id="0047">Marina disse na TV que vai investir o dinheiro da exploração do pré-sal na saúde e educação e não na corrupção.</unit id="0047">
  <unit id="0048">"No meu governo os recursos do pré-sal vão ser usados para a saúde e a educação, não para a corrupção", disse a pessebista no programa que foi ao ar na tarde de sábado.</unit id="0048">