<?xml version='1.0' encoding='UTF-8'?>
<document>
  <info type="id" value="0118"/>
  <info type="schema" value="paragraphs"/>
  <info type="source" value="R118"/>
  <info type="source-corpus" value="C1"/>
  <info type="annotator" value="uam"/>
  <unit id="1279">A candidata do PSB à Presidência da República, Marina Silva, disse nesta sexta-feira (12), no Rio de Janeiro, que não pretende ganhar a eleição usando "a indústria da calúnia e da difamação". A exemplo do que tem feito em discursos de campanha, Marina criticou a postura de seus adversários e disse que a presidente Dilma Rousseff usa com ela a mesma estratégia que o ex-presidente Collor usou para vencer o ex-presidente Luiz Inácio Lula da Silva nas eleições de 1989.</unit id="1279">
  <unit id="1280">"Eu vi o Collor de Mello ganhar uma eleição do Lula usando a mesma estratégia que a presidente Dilma está usando e não foi um resultado bom para o país porque dividiu o país. Eu quero ganhar uma eleição com base no diálogo, nas propostas e não com a indústria da calúnia e difamação. Eu lutei muito quando faziam a mesma coisa que estão fazendo agora comigo na época que o Lula era candidato. O mesmo punhal enferrujado está sendo agora usado agora contra mim", afirmou Marina.</unit id="1280">
  <unit id="1281">Ela disse ainda que sua campanha é diferente daquela que "tem uma estratégia de agressão e de boatos". Segundo a candidata, os adversários estão "apavorados com a possibilidade de perder".</unit id="1281">
  <unit id="1282">"Estou sofrendo todo tipo de calúnia, mas eu estou muito tranquila e serena, porque eu vejo que eles estão apavorados pela possibilidade de perder. E nós estamos apenas animados, motivados, mobilizados pela possibilidade de ganhar", completou a ex-senadora.</unit id="1282">
  <unit id="1283">A candidata do PSB teve reunião no início da manhã com o arcebispo do Rio de Janeiro, Dom Orani Tempesta. Depois participou de um debate na Federação da Indústria do Rio de Janeiro (Firjan).</unit id="1283">
  <unit id="1284">Ela lembrou que já havia visitado o arcebispo há um mês, quando ainda era vice na chapa encabeçada pelo então candidato Eduardo Campos, morto em acidente de avião.</unit id="1284">
  <unit id="1285">"Exatamente há um mês atrás estávamos aqui eu e Eduardo. Foi uma coincidência, porque hoje é o aniversário desse encontro e no dia seguinte houve a fatalidade que ceifou sua vida. Na oportunidade em que estive aqui, eu era a vice de Eduardo e falamos de nossas propostas para mudar o Brasil, melhorar a qualidade da política. Dizer que nós estávamos interessados no debate e não no embate", afirmou a candidata.</unit id="1285">
  <unit id="1286">Troca de farpas pelo Twitter</unit id="1286">
  <unit id="1287">Marina Silva, trocou farpas com o candidato do PSDB à Presidência da República, Aécio Neves, entre esta quinta e sexta-feira (12) pelo Twitter. Na manhã de quinta, Marina usou sua conta no microblog para dizer que o tucano está fazendo com ela o “mesmo trabalho de desconstrução” que o PT faz. Horas depois, Aécio respondeu não estar fazendo “desconstrução”, mas “debate político”.</unit id="1287">
  <unit id="1288">“O Aécio está agora fazendo o mesmo trabalho de desconstrução que o PT faz sobre mim. Com os mesmos argumentos usados contra o Lula”, afirmou Marina em seu primeiro tuíte. Aécio rebateu: “Na verdade, estou fazendo o debate político. Fundamental para a democracia. Não desconstruindo sua imagem”.</unit id="1288">
  <unit id="1289">O candidato tucano também disse que a ex-senadora não deveria se sentir ofendida por Aécio ter mencionado o fato de ela ter sido integrante do PT. “Disse, sim, que @silva_marina passou mais de 20 anos no PT. Isso não deveria ofendê-la. É sua trajetória política. Eu me orgulho da minha”, publicou. “Quem imagina ser presidente da República precisa dizer quem é. Debater não é desrespeitar o adversário. É respeitar o eleitor”, completou.</unit id="1289">
  <unit id="1290">No mesmo dia, Marina respondeu Aécio, incluindo em seu post link de reportagem em que Aécio afirma que o “Brasil não é para amadores”. “O debate político se pauta por ideias @AecioNeves, a desconstrução, por ataques pessoais, como vc fez recentemente”, publicou.</unit id="1290">
  <unit id="1291">Na madrugada desta sexta-feira, Aécio retomou com a provocação pelo Twitter. “@silva_marina, debater ideias é o que tenho feito com brasileiros de todas as regiões e sempre com coerência”, disse. “@silva_marina, realmente o Brasil não é para amadores. Me surpreende que essa afirmação lhe incomode tanto”, completou.</unit id="1291">
  <unit id="1292">saiba mais 	 			Marina rebate críticas e diz que Dilma criou o 'bolsa banqueiro'</unit id="1292">
  <unit id="1293">Rede confirma candidatura de Marina Silva em chapa com o PSB                                                  Como Rede não é um partido registrado, homologação é ato simbólico. Legenda realiza neste final de semana seu primeiro congresso nacional.</unit id="1293">