<?xml version='1.0' encoding='UTF-8'?>
<document>
  <info type="id" value="0068"/>
  <info type="schema" value="paragraphs"/>
  <info type="source" value="R068"/>
  <info type="source-corpus" value="C1"/>
  <info type="annotator" value="uam"/>
  <unit id="0751">Em segundo lugar nas pesquisas de intenção de voto, a campanha do candidato a governador de São Paulo pelo PMDB, Paulo Skaf, lançou uma página na internet com as promessas não cumpridas pelo governador Geraldo Alckmin (PSDB) que tenta a reeleição. O site foi divulgado pelo perfil oficial do candidato no Facebook.</unit id="0751">
  <unit id="0752">A iniciativa chamada de “Parou Geral” ironiza uma das músicas da campanha de Alckmin intitulada “Andou Geral” e funciona por meio de um mapa do Google Maps onde estão marcadas várias promessas e obras atrasadas da atual gestão. Ao clicar nos pontos marcados a página abre um pequeno texto e um vídeo explicando a situação. Os locais marcados no mapa também refletem a agenda do candidato, que nas últimas semanas viajou pelo interior do Estado.</unit id="0752">
  <unit id="0753">A medida ocorre logo após a campanha de Skaf divulgar  na propaganda eleitoral da TV uma das inserções mais críticas à gestão Alckmin. A peça chamada de “Prometeu e não fez” traz vários trechos de reportagens e depoimentos do tucano prometendo obras como a Linha 4 – Amarela do Metrô, que ainda não foi concluída.</unit id="0753">