<?xml version='1.0' encoding='UTF-8'?>
<document>
  <info type="id" value="0120"/>
  <info type="schema" value="paragraphs"/>
  <info type="source" value="R120"/>
  <info type="source-corpus" value="C1"/>
  <info type="annotator" value="uam"/>
  <unit id="1308">O motivo é a veiculação da informação "sabidamente inverídica" pela propaganda petista, que afirmou que o cartão metropolitano BOM, implantado por Alckmin, não dá desconto nos transportes públicos nem faz integração entre ônibus, metrô e trem. O trecho tinha 11 segundos.</unit id="1308">
  <unit id="1309">Para a juíza, a notícia pode causar entendimento errôneo no eleitorado. Ela confirmou decisão liminar (provisória) da terça-feira (9) que já havia suspendido a veiculação do trecho.</unit id="1309">
  <unit id="1310">O tempo de resposta, a ser veiculado no bloco noturno do horário eleitoral, deverá ser utilizado estritamente para esclarecer a informação considerada inverídica.</unit id="1310">
  <unit id="1311">Da decisão, cabe recurso ao plenário do TRE.</unit id="1311">
  <unit id="1312">Para o advogado de Padilha, Marcelo Nobre, a sentença é injusta. "Nós acreditamos que a propaganda traz informações importantes para o leitor, dentro dos limites do debate político", afirma. Ele diz que irá recorrer da decisão.</unit id="1312">
  <unit id="1313">Esse é o segundo direito de resposta que Alckmin vence nesta eleição.</unit id="1313">
  <unit id="1314">No último dia 2, o governador ganhou espaço na propaganda de Paulo Skaf (PMDB), segundo colocado nas pesquisas de intenção de voto para o governo estadual.</unit id="1314">
  <unit id="1315">Na propaganda do PMDB, o governador era acusado de manipular o registro de ocorrência de crimes contra policiais militares.</unit id="1315">
  <unit id="1316">A juíza auxiliar do TRE (Tribunal Regional Eleitoral) de São Paulo Claudia Fanucchi concedeu um minuto de direito de resposta ao candidato a governador do Estado Geraldo Alckmin (PSDB) no horário reservado ao adversário Alexandre Padilha (PT).</unit id="1316">