<?xml version='1.0' encoding='UTF-8'?>
<document>
  <info type="id" value="0044"/>
  <info type="schema" value="paragraphs"/>
  <info type="source" value="R044"/>
  <info type="source-corpus" value="C1"/>
  <info type="annotator" value="uam"/>
  <unit id="0533">O governador de São Paulo e candidato à reeleição pelo PSDB, Geraldo Alckmin, foi o candidato que mais arrecadou verbas em doações nos dois primeiros meses da campanha ao governo de São Paulo. Foram R$ 14 milhões, valor bastante superior ao do principal concorrente, de acordo com as recentes pesquisas do Ibope e do Datafolha - Paulo Skaf arrecadou R$ 10,3 milhões.</unit id="0533">
  <unit id="0534">Candidato 				 					Receitas (em R$)</unit id="0534">
  <unit id="0535">Os dados são do Tribunal Superior Eleitoral (TSE) e fazem parte da segunda parcial de receitas e despesas da campanha, que foi divulgada neste sábado (6). Os números representam os valores informados pelas campanhas até o dia 2 de setembro.</unit id="0535">
  <unit id="0536">A lei permite que os candidatos arrecadem por dois meios: em uma conta aberta em nome do próprio ou em conta do comitê financeiro da candidatura. A campanha de Alckmin, por exemplo, recebe quase todas as doações por meio do comitê do candidato e então repassa para a conta específica do tucano. Para elaboração desta reportagem, foram considerados apenas os valores que constam na prestação de contas do TSE em nome do candidato.</unit id="0536">
  <unit id="0537">Outro concorrente à disputa em São Paulo, Alexandre Padilha (PT) recebeu R$ 4,1 milhões em sua conta.</unit id="0537">
  <unit id="0538">Principais doadores</unit id="0538">
  <unit id="0539">Entre as principais fontes de receita de Alckmin estão a Queiroz Galvão Alimentos S/A, com doação de R$ 2,1 milhões, e Copersucar S/A, com doação de R$ 1 milhão.</unit id="0539">
  <unit id="0540">Na lista de doadores de Paulo Skaf, a empresa que aparece com maior contribuição é a Sucocítrico Cutrale Ltda, com R$ 1 milhão. Na campanha de Padilha, o destaque vai para a doação da Votorantim Cimentos S/A, com R$ 300 mil.</unit id="0540">
  <unit id="0541">O candidato Wagner Farias, do PCB, foi o único a não registrar doações.</unit id="0541">
  <unit id="0542">No total, os candidatos receberam 29.205.747,31. A média de doação por candidato é de 3,2 milhões.</unit id="0542">
  <unit id="0543">Na conta de candidato (e não comitê), o candidato Alexandre Padilha é quem registra o maior gasto até o momento, com R$ 35 milhões.</unit id="0543">
  <unit id="0544">Veja também as despesas registradas nas contas dos candidatos:</unit id="0544">
  <unit id="0545">Alexandre Padilha: R$ 35.000.211,37</unit id="0545">
  <unit id="0546">Geraldo Alckmin: R$ 13.802.329,35</unit id="0546">
  <unit id="0547">Laércio Benko: R$ 307.586,00</unit id="0547">
  <unit id="0548">Gilberto Natalini: R$ 170.786,60</unit id="0548">
  <unit id="0549">Gilberto Maringoni: R$ 72.245,22</unit id="0549">
  <unit id="0550">Walter Ciglioni: R$ 30.637,68</unit id="0550">
  <unit id="0551">Paulo Skaf: R$ 10.416.119,80</unit id="0551">
  <unit id="0552">Raimundo Sena:  R$ 1.135,00</unit id="0552">
  <unit id="0553">Wagner Farias: prestação de contas entregue sem lançamento de despesas</unit id="0553">