<?xml version='1.0' encoding='UTF-8'?>
<document>
  <info type="id" value="0033"/>
  <info type="schema" value="paragraphs"/>
  <info type="source" value="R033"/>
  <info type="source-corpus" value="C1"/>
  <info type="annotator" value="uam"/>
  <unit id="0389">Estarão presentes jovens de diversos grupos, tais como estudantes, representantes da JPT (Juventude do PT), da UJS (União da Juventude Socialista), dos movimentos de mulheres,, de cultura, do funk, do hip hop, juventude negra e vários outros segmentos.</unit id="0389">
  <unit id="0390">A presidente Dilma Rousseff participa neste domingo (7) da comemoração pelos 192 anos da Proclamação da Independência do país no desfile cívico-militar de 7 de Setembro, em Brasília.</unit id="0390">
  <unit id="0391">Dilma chegou sozinha ao evento em carro aberto, o Rolls-Royce presidencial, e foi recebida pelo ministro Celso Amorim (Defesa) e pelo governador do Distrito Federal, Agnelo Queiroz (PT). No palanque das autoridades, a presidente assiste ao desfile acompanha pelo vice-presidente Michel Temer, por pelo menos 20 ministros e autoridades civis e militares.</unit id="0391">
  <unit id="0392">Quando o nome de Dilma foi anunciado, parte da plateia vaiou a presidente mas a maioria a aplaudiu. O Hino Nacional, no entanto, foi o mais aplaudido. A presidente deu a ordem para o início do desfile ao Comandante Militar do Planalto, general Racine Bezerra.</unit id="0392">
  <unit id="0393">Denunciados pelo ex-diretor da Petrobras Paulo Roberto Costa como beneficiários de propina em esquema da estatal, segundo reportagem da revista "Veja", o presidente do Congresso e do Senado, Renan Calheiros (PMDB-AL), o presidente da Câmara, Henrique Eduardo Alves (PMDB-RN), e o ministro das Minas e Energias Edison Lobão (PMDB-MA) não compareceram ao evento.</unit id="0393">
  <unit id="0394">A reportagem não traz detalhes, documentos nem valores sobre o esquema. Os três rechaçam as acusações e alegam que as citações são mentirosas.</unit id="0394">
  <unit id="0395">O ministro Guido Mantega (Fazenda) está em Brasília mas não compareceu ao desfile. Na quinta-feira (4), Dilma afirmou que fará uma troca no comando da pasta em um eventual segundo mandato. O caso criou uma saia-justa ao governo.</unit id="0395">
  <unit id="0396">Nos locais de acesso às arquibancadas, há cabos eleitorais entregando santinhos de candidatos a deputado distrital e federal e, ao longo da Esplanada, pessoas caminham com bandeiras da campanha petista à Presidência.</unit id="0396">
  <unit id="0397">CUSTO</unit id="0397">
  <unit id="0398">Esta é a edição mais cara da festa cívica desde que Dilma assumiu a presidência, em 2011. O governo desembolsou quase R$ 1,2 milhão. O montante é quase 45% maior do que o que foi gasto para o evento do ano passado, que custou R$ 829 mil.</unit id="0398">
  <unit id="0399">No seu primeiro ano de governo, foram gastos R$ 900 mil para realizar o evento e em 2012, R$ 800 mil. O valor deste ano, no entanto, se aproxima ao do último ano de governo do ex-presidente Luiz Inácio Lula da Silva. Em 2010, foi gasto R$ 1 milhão para o desfile.</unit id="0399">
  <unit id="0400">O desfile foi feito por grupamentos militares e demonstrações de outros 20 órgãos públicos. Foram montadas arquibancadas para cerca de 22 mil pessoas mas a expectativa é que 30 mil pessoas passem pela Esplanada na manhã de hoje.</unit id="0400">
  <unit id="0401">Em campanha eleitoral, Dilma não fez um pronunciamento oficial em cadeia de rádio e TV mas fez menção ao evento em seu último programa eleitoral. Após o desfile, ela se reunirá com representantes da juventude no Palácio da Alvorada para debater a reforma política.</unit id="0401">
  <unit id="0402">Dilma deverá propor plebiscito popular para a reforma política, organizado por setores da sociedade civil e partidos políticos. De acordo com os organizadores, o plebiscito irá verificar se a população deseja a convocação de uma Assembleia Constituinte exclusiva para realizar a reforma política.</unit id="0402">