<?xml version='1.0' encoding='UTF-8'?>
<document>
  <info type="id" value="0046"/>
  <info type="schema" value="paragraphs"/>
  <info type="source" value="R046"/>
  <info type="source-corpus" value="C1"/>
  <info type="annotator" value="uam"/>
  <unit id="0565">O candidato do PSDB ao Palácio do Planalto, Aécio Neves, cobrou nesta segunda-feira (8) que sejam apuradas as suspeitas de que dezenas de senadores e deputados federais de três partidos (PT, PMDB e PP), governadores e um ministro teriam se beneficiado de um esquema de pagamento de propinas oriundas de contratos com fornecedores da Petrobras. Ressaltando que quer evitar "pré-julgamentos", o presidenciável tucano afirmou, ao desembarcar no aeroporto de Marabá (PA), que a Justiça apure as denúncias.</unit id="0565">
  <unit id="0566">"Estas novas denúncias têm que ser apuradas. Não vou fazer prejulgamento. Espero que a Justiça seja acionada e apure tudo o que foi denunciado", disse Aécio ao chegar em Marabá para compromissos de campanha.</unit id="0566">
  <unit id="0567">No final de semana, Aécio chamou as denúncias envolvendo a petroleira de "mensalão 2" e destacou que não dá para a presidente Dilma Rousseff dizer que "não sabia" das supostas irregularidades na estatal do petróleo. A petista, no entanto, declarou no domingo que as informações apontadas pela revista "Veja" não geram suspeita sobre o governo.</unit id="0567">
  <unit id="0568">No Pará, o candidato voltou a fazer a comparação das denúncias na Petrobras com o mensalão. Ele disse ainda que o governo "enlameou" a empresa.</unit id="0568">
  <unit id="0569">"No Congresso Nacional, liderei a constituição de uma CPMI para investigar a Petrobras. O governo dizia que nós estávamos atacando a imagem da principal empresa brasileira. A verdade e que o governo do PT enlameou a nossa principal empresa. E não adianta o governo dizer que não sabia: é preciso que as respostas sejam diretas, objetivas. Que essas investigaçõess possam sem aprofundadas, e quem tem responsabilidade tem que ser punido exemplarmente", disse.</unit id="0569">
  <unit id="0570">Não dá para dizer que Dilma não sabia de nada, diz Aécio sobre Petrobras</unit id="0570">
  <unit id="0571">Dilma diz que delação não gera suspeita sobre o governo</unit id="0571">
  <unit id="0572">Aécio Neves desembarcou por volta das 10h em Marabá, município do sudeste do Pará. Do aeroporto, Aécio seguiu para a sede do Rotary Club, onde participa de um encontro com lideranças políticas na região. Após o compromisso, está prevista uma caminhada do presidenciável tucano na avenida Antonio Maia.</unit id="0572">
  <unit id="0573">Aécio deixou Marabá por volta de 12h40 e seguiu para Belém. Na capital do estado, ele fez uma caminhada na feira da 25 e participou de comício na travessa Lomas Valentinas acompanhado do governador do Pará, Simão Jatene, e do senador Flexa Ribeiro.</unit id="0573">
  <unit id="0574">Veja a agenda de campanha dos candidatos ao governo do Pará                                                  Candidatos cumprem agenda de compromissos nesta segunda, 8. Cinco candidatos concorrem ao governo nas Eleições 2014.</unit id="0574">
  <unit id="0575">Uepa realiza feira vocacional em vários municípios do Pará                                                   Em Belém, evento será nesta quinta-feira, 28, das 9h às 17h. Objetivo é orientar os jovens que pretendem ingressar no ensino superior.</unit id="0575">
  <unit id="0576">Trabalhadores interditam ponte sobre o rio Anapu, na Transamazônica                                                  Cerca de 100 trabalhadores rurais bloqueiam a via. Grupo quer mais estradas, projetos de assentamentos e sinal de telefonia.</unit id="0576">
  <unit id="0577">Unifesspa altera datas de concurso público                                                  Provas objetivas passarão a ser aplicadas no dia 23 de novembro de 2014. Serão ofertadas 89 vagas para cargos de nível médio e superior</unit id="0577">