<?xml version='1.0' encoding='UTF-8'?>
<document>
  <info type="id" value="0040"/>
  <info type="schema" value="paragraphs"/>
  <info type="source" value="R040"/>
  <info type="source-corpus" value="C1"/>
  <info type="annotator" value="uam"/>
  <unit id="0487">O candidato do PT ao governo do estado de São Paulo, o ex-ministro Alexandre Padilha, visitou na tarde desta segunda-feira (8) a ocupação Olga Benário, no bairro do Campo Limpo, Zona Sul da capital e, aos moradores, reiterou sua promessa de entregar 700 mil moradias populares nos quatro primeiros anos de sua gestão, se eleito.</unit id="0487">
  <unit id="0488">"Eu quero ser governador para fazer uma parceria com o governo federal para que a gente possa fazer com o Minha Casa Minha Vida pelo menos 700 mil moradias em quatro anos. [Isso] executando o recurso que já tem do governo federal para moradia e que o atual governador não utiliza", afirmou o candidato.</unit id="0488">
  <unit id="0489">O candidato ainda manifestou seu desejo de urbanizar áreas que já são habitadas, mas não têm o mínimo de infra-estrutura.</unit id="0489">
  <unit id="0490">Ocupação</unit id="0490">
  <unit id="0491">O terreno onde fica a ocupação Olga Benário pertence a empresa Viação Campo Limpo e foi invadido em 2007 pela primeira vez. Dois anos depois, as centenas de famílias foram despejadas após ordem de reintegração de posse em uma ação que envolveu a Polícia Militar.</unit id="0491">
  <unit id="0492">A coordenadora do movimento dos moradores da região, Felicia Mendes Dias, que acompanhou o candidato petista na visita, relembra as "balas de borracha da PM, bombas de pimenta e o fogo que colocaram nos barracos".</unit id="0492">
  <unit id="0493">As famílias passaram, então, a viver de aluguel social até abril de 2014, quando ocuparam novamente o terreno. "Está demorando demais, foi para pressionar e também para garantir que outros movimentos não vão invadir aqui", afirmou Felícia.</unit id="0493">
  <unit id="0494">O professor Manuel Fidelis, de 28,  está já cinco meses na ocupação - três deles construindo o barraco. Ele mora com a esposa e o filho do casal em um barraco de um cômodo. Os dois fugiram do aluguel muito alto e recorreram à ocupação.</unit id="0494">
  <unit id="0495">Quando questionado sobre a moradia na região por uma senhora que vive na Olga Benário, Padilha prometeu que até 2017, caso eleito, as moradias populares para quem vive na ocupação estariam prontas.</unit id="0495">