<?xml version='1.0' encoding='UTF-8'?>
<document>
  <info type="id" value="0113"/>
  <info type="schema" value="paragraphs"/>
  <info type="source" value="R113"/>
  <info type="source-corpus" value="C1"/>
  <info type="annotator" value="uam"/>
  <unit id="1228">Tasso tem 58%, e Mauro, 14%, para o Senado no Ceará, diz Ibope                                                  Raquel (PSTU) aparece com 5%; Geovana (PSB), 2%.  Foram ouvidos 1.204 eleitores entre os dias 18 e 20 de julho.</unit id="1228">
  <unit id="1229">No Ceará, Eunício tem 44%, Camilo, 14%, e Eliane, 6%, diz Ibope                                                  Instituto entrevistou 1.204 eleitores entre os dias 18 e 20 de julho. A margem de erro é de três pontos percentuais, para mais ou para menos.</unit id="1229">
  <unit id="1230">Ceará e mais dois estados têm o menor nº de candidatos a governador                                                  Ceará tem 821 registros de candidatura nas eleições 2014, diz TSE. Pedidos de registro ainda serão avaliados pela Justiça Eleitoral.</unit id="1230">
  <unit id="1231">A candidata à Presidência da República, pelo PSB, Marina Silva, participou de comício na noite desta sexta-feira (12) na Praça do Ferreira, no Bairro Centro, em Fortaleza. Segundo o partido, o evento reuniu cerca de 15 mil pessoas.  No palanque, a presidenciável ressaltou as origens cearenses - os pais dela nasceram no estado - e voltou a rebater críticas feitas contra ela por seus adversários.</unit id="1231">
  <unit id="1232">"Aqueles que defendiam o Lula […] e todas as mentiras que disseram contra ele hoje repetem contra mim, com o mesmo punhal. Mas mesmo assim, todas as mentiras que foram ditas contra o Lula, não são maiores do que o Lula. Pode ter certeza que todas as mentiras que foram ditas contra mim não são maiores do que o povo brasileiro'', disse.</unit id="1232">
  <unit id="1233">Marina também citou propostas que tem defendido para setores como saúde e educação.  “Queremos o Brasil real para fazer a educação de tempo integral, para colocar 10% da saúde [...]. Vamos fazer o passe livre. Vamos demarcar por princípio de Justiça, a terra dos índios que a Dilma parou de demarcar. Aumentar o dinheiro do Pronaf para os agricultores familiares'', afirmou.</unit id="1233">
  <unit id="1234">Reformas política e tributária</unit id="1234">
  <unit id="1235">Antes de subir ao palanque, a presidenciável voltou a dizer que pretende, no primeiro mês de governo, enviar propostas de reforma política e tributária ao Congresso. "Nosso compromisso com a reforma política e tributária, é de, no primeiro mês, mandarmos uma proposta para o debate no Congresso Nacional'', disse em entrevista ao chegar à Praça.</unit id="1235">
  <unit id="1236">Ela também defendeu, mais uma vez, a autonomia do Banco Central. "O Banco Central autônomo é para ficar livre da influência do poder prejudicando o interessse do país. Por isso, temos uma sociedade desacreditada, com os juros alto corroendo o salário do trabalhador. Os juros altos do atual governo, sim, que atendem os interesses dos bancos.</unit id="1236">
  <unit id="1237">A presidenciável disse, ainda, ter o melhor projeto  para ''os grupos LGBT''. ''Vamos continuar defendendo todos, combatendo qualquer forma de discriminação LGBT, queremos que todas as pessoas tenham os seus direitos preservados [...]. Nós vamos continuar trabalhando com a verdade, e o nosso projeto é o melhor para os grupos LGBT", afirmou.</unit id="1237">
  <unit id="1238">Marina estava acompanhada por Eliane Novais, candidata ao governo do estado, e Geovana Cartaxo, candidata ao Senado pelo Ceará, ambas pelo PSB, além do vice à Presidência, Beto Albuquerque.</unit id="1238">
  <unit id="1239">A candidata desembarcou em Fortaleza por volta das 17h30 e seguiu para a Praça do Ferreira. Em seguida, visita a sede da Federação das Indústrias do Estado do Ceará (Fiec) e, após, o comitê suprapartidário. Na manhã deste sábado (13), a candidata estará na cidade de Sobral, a cerca de 230 km da capital.</unit id="1239">