<?xml version='1.0' encoding='UTF-8'?>
<document>
  <info type="id" value="0129"/>
  <info type="schema" value="paragraphs"/>
  <info type="source" value="R129"/>
  <info type="source-corpus" value="C1"/>
  <info type="annotator" value="uam"/>
  <unit id="1420">A nova rodada da pesquisa Ibope encomendada pela Confederação Nacional da Indústria (CNI) confirmou a tendência de alta nas intenções de voto da candidatura à reeleição da presidenta Dilma Rousseff. A petista aumentou a diferença para Marina Silva (PSB) no primeiro turno e encostou na ex-senadora no segundo turno, aparecendo apenas um ponto atrás.</unit id="1420">
  <unit id="1421">Na pesquisa Ibope do dia 3, Dilma tinha 37% dos votos no primeiro turno, contra 33% de Marina e 15% de Aécio Neves (PSDB). No levantamento divulgado nesta sexta-feira 12, não há mais empate técnico. Dilma tem 39%, contra 31% de Marina e os mesmos 15% do candidato tucano. O número de votos em branco e nulos está em 8%, e 5% ainda estão indecisos.</unit id="1421">
  <unit id="1422">No segundo turno, Dilma chegou ao empate com Marina. Na pesquisa Ibope do dia 3, Marina vencia Dilma por 46% a 39%. Agora, Marina tem 43% contra 42%, diferença dentro da margem de erro da pesquisa, que é de dois pontos percentuais para mais ou para menos. Neste cenário atual, 10% dizem que vão anular ou votar em branco e 5% se dizem indecisos.</unit id="1422">
  <unit id="1423">Na quarta-feira 10, pesquisa Vox Populi / CartaCapital havia mostrado as mesmas diferenças entre Dilma e Marina no primeiro e no segundo turnos. Segundo o levantamento do Vox Populi, Dilma tem 36% das intenções de voto, contra 28% de Marina no primeiro turno. No segundo turno, a ex-senadora aparecia um ponto à frente: 42% a 41%</unit id="1423">
  <unit id="1424">O Ibope entrevistou 2.202 pessoas entre os dias 5 e 8 de setembro em 144 municípios de todas as regiões. O levantamento está registrado na Justiça Eleitoral com o número BR-00593/2014.</unit id="1424">