<?xml version='1.0' encoding='UTF-8'?>
<document>
  <info type="id" value="0034"/>
  <info type="schema" value="paragraphs"/>
  <info type="source" value="R034"/>
  <info type="source-corpus" value="C1"/>
  <info type="annotator" value="uam"/>
  <unit id="0403">Os 192 anos da Independência do Brasil serão comemorados em São Paulo com mais uma desfile cívico militar no Sambódromo do Anhembi, na zona norte, neste domingo (7).</unit id="0403">
  <unit id="0404">A programação começa com a revista das tropas por parte do governador de São Paulo, Geraldo Alckmin (PSDB), às 9h (horário de Brasília). O desfile propriamente disto está marcado para 9h30.</unit id="0404">
  <unit id="0405">Segundo a prefeitura da capital, responsável por organizar a festa, 30 mil pessoas são esperadas nas dependências do Sambódromo do Anhembi. Essa é a capacidade total do local, onde também ocorrem os desfiles de Carnaval. A entrada, para o interessados, é gratuita. Os portões vão ser abertos às 7h30.</unit id="0405">
  <unit id="0406">A programação, que deve terminar por volta do meio-dia, inclui o desfile de grupos do Exército, da Marinha e da Aeronáutica.</unit id="0406">
  <unit id="0407">Membros da FEB (Força Expedicionária Brasileira), que lutaram na Segunda Guerra Mundial, e da sociedade de veteranos do movimento de 1932 devem comparecer ao desfile.</unit id="0407">
  <unit id="0408">Grupos motorizados e aéreos também estarão presentes nas festividades do dia da Independência do Brasil.</unit id="0408">
  <unit id="0409">A previsão do tempo indica um domingo ensolarado na capital. Mas nas primeiras horas do dia haverá frio. Os termômetros devem estar por volta dos 13º C.</unit id="0409">
  <unit id="0410">Já em Brasília, o governo federal gastará quase R$ 1,2 milhão para realizar o desfile de 7 de setembro. O montante é quase 45% maior do que o desembolsado para o evento no ano passado, quando foram gastos R$ 829 mil.</unit id="0410">
  <unit id="0411">Esta é a edição mais cara da festa cívica desde que a presidente Dilma Rousseff assumiu a presidência, em 2011.</unit id="0411">
  <unit id="0412">O desfile de 7 de setembro começa a partir das 8h com a participação das Forças Armadas e demonstrações de outros 20 órgãos públicos.</unit id="0412">