<?xml version='1.0' encoding='UTF-8'?>
<document>
  <info type="id" value="0015"/>
  <info type="schema" value="paragraphs"/>
  <info type="source" value="R015"/>
  <info type="source-corpus" value="C1"/>
  <info type="annotator" value="uam"/>
  <unit id="0166">Uma explicação possível é a de que a extensão e a profundidade dessas duas variáveis eram maiores do que se poderia supor.</unit id="0166">
  <unit id="0167">Lula e a direção do PT abafaram, dentro do partido, a tentativa de bloquear a candidatura de Dilma Rousseff à reeleição com o objetivo de trazer Lula para a disputa que, já se sabia, seria muito mais difícil, entre outras coisas, pelo desgaste de 12 anos de poder e pela força acumulada da oposição. Em termos claros, todos contra um.</unit id="0167">
  <unit id="0168">Não houve, também, avaliação de que o movimento pudesse ir muito além das fronteiras do partido e de ser ainda maior do que os leais simpatizantes petistas. Esse agrupamento que votou, vota e votará com o PT é formado por um número de eleitores entre 25% e 30%. Está lá, nos anais da história, o registro da derrota de Lula nas eleições de 1994 e 1998. Ele perdeu no primeiro turno obtendo 27,04% e 31,7% dos votos, respectivamente.</unit id="0168">
  <unit id="0169">Nas três vitórias sucessivas do PT estiveram envolvidos eleitores não petistas. Em busca de mudanças apoiaram as candidaturas de Lula duas vezes e votaram em Dilma uma vez. Ambos com um porcentual de votos muito maior  do que os limites tradicionais do PT.</unit id="0169">
  <unit id="0170">A avalanche de intenções de voto em Marina Silva, ocorrida imediatamente após o acidente fatal com Eduardo Campos, mobilizou vários grupos de eleitores. Um grande contingente deles, até então escondido na opção de indecisão, brancos ou nulos, mostrado nas pesquisas. Ali podiam estar escondidos também os frustrados com o fracasso de criação do Rede Sustentabilidade e aquela multidão mobilizada em 2013 que foi às ruas contra os partidos políticos e contra os próprios políticos.</unit id="0170">
  <unit id="0171">Aécio Neves chegou, no ponto máximo, a ter 21% das intenções de voto. Eduardo Campos não passou de 10%. Os dois não satisfaziam os eleitores de oposição franca e hostil a Dilma que, naquele momento, resvalava na possibilidade de vencer a eleição no primeiro turno.</unit id="0171">
  <unit id="0172">Em 2014, se nada mudar, esse grupo de eleitores talvez situados na centro-direita do espectro ideológico, pode trocar de bem. É o que se verá mais claramente numa possível disputa de segundo turno.</unit id="0172">
  <unit id="0173">Uma retrospectiva da campanha eleitoral para a Presidência da República permite resgatar dois movimentos sufocados e pode, pelo menos parcialmente, ter gerado o inesperado quadro competitivo formado pelo crescimento da candidatura de Marina Silva. Resultado de uma fatalidade, a presença dela modificou o que era considerado imutável: uma nova disputa entre o PT e o PSDB.</unit id="0173">
  <unit id="0174">O primeiro dos movimentos foi o “Volta Lula”, incentivado originalmente por alguns dirigentes e por militantes petistas. O segundo resultou da decepção de Marina Silva, e dos marineiros, em razão de as regras da Justiça Eleitoral terem bloqueado a criação de um novo partido, o Rede Sustentabilidade, não necessariamente um partido novo. A frustração talvez tenha se infiltrado naquele contingente de 20 milhões de eleitores que votaram nela em 2010, e se somado aos protestos, sem lenço e sem documento, de junho e julho de 2013.</unit id="0174">
  <unit id="0175">O que isso pode ter provocado?</unit id="0175">