<?xml version='1.0' encoding='UTF-8'?>
<annotation>
  <info type="id" value="0086"/>
  <info type="schema" value="polarity"/>
  <info type="annotator" value="m"/>
  <info type="source" value="0018"/>
  <info type="source-corpus" value="paragraphs"/>
  <unit id="0184">
    <ann type="polarity" value="NE"/>
    <ann type="entity" value="PAULO ROBERTO DA COSTA"/>
  </unit>
  <unit id="0185">
    <ann type="polarity" value=""/>
    <ann type="entity" value=""/>
  </unit>
  <unit id="0186">
    <ann type="polarity" value=""/>
    <ann type="entity" value=""/>
  </unit>
  <unit id="0187">
    <ann type="polarity" value="NG"/>
    <ann type="entity" value="HENRIQUE EDUARDO ALVES"/>
  </unit>
  <unit id="0188">
    <ann type="polarity" value="NG"/>
    <ann type="entity" value="DILMA"/>
  </unit>
  <unit id="0189">
    <ann type="polarity" value="NG"/>
    <ann type="entity" value="MARINA"/>
  </unit>
  <unit id="0190">
    <ann type="polarity" value="PO"/>
    <ann type="entity" value="AÉCIO NEVES"/>
  </unit>
  <unit id="0191">
    <ann type="polarity" value="NG"/>
    <ann type="entity" value="DILMA"/>
  </unit>
  <unit id="0192">
    <ann type="polarity" value="PO"/>
    <ann type="entity" value="AÉCIO NEVES"/>
  </unit>
  <unit id="0193">
    <ann type="polarity" value="PO"/>
    <ann type="entity" value="DILMA"/>
  </unit>
  <unit id="0194">
    <ann type="polarity" value=""/>
    <ann type="entity" value=""/>
  </unit>
</annotation>
