<?xml version='1.0' encoding='UTF-8'?>
<annotation>
  <info type="id" value="0078"/>
  <info type="schema" value="polarity"/>
  <info type="annotator" value="a2"/>
  <info type="source" value="0016"/>
  <info type="source-corpus" value="paragraphs"/>
  <mark unit="0176">
    <ann type="polarity" value="PO"/>
    <ann type="entity" value="MARINA"/>
  </mark>
  <mark unit="0177">
    <ann type="polarity" value=""/>
    <ann type="entity" value=""/>
  </mark>
  <mark unit="0178">
    <ann type="polarity" value=""/>
    <ann type="entity" value=""/>
  </mark>
  <mark unit="0179">
    <ann type="polarity" value=""/>
    <ann type="entity" value=""/>
  </mark>
  <mark unit="0180">
    <ann type="polarity" value="PO"/>
    <ann type="entity" value="MARINA"/>
  </mark>
  <mark unit="0181">
    <ann type="polarity" value="NG"/>
    <ann type="entity" value="DILMA"/>
  </mark>
  <mark unit="0182">
    <ann type="polarity" value="PO"/>
    <ann type="entity" value="MARINA"/>
  </mark>
</annotation>
