<?xml version='1.0' encoding='UTF-8'?>
<annotation>
  <info type="id" value="0055"/>
  <info type="schema" value="polarity"/>
  <info type="annotator" value="a4"/>
  <info type="source" value="0011"/>
  <info type="source-corpus" value="paragraphs"/>
  <mark unit="0111">
    <ann type="polarity" value="PO"/>
    <ann type="entity" value="MARINA"/>
  </mark>
  <mark unit="0112">
    <ann type="polarity" value="PO"/>
    <ann type="entity" value="MARINA"/>
  </mark>
  <mark unit="0113">
    <ann type="polarity" value=""/>
    <ann type="entity" value=""/>
  </mark>
  <mark unit="0114">
    <ann type="polarity" value=""/>
    <ann type="entity" value=""/>
  </mark>
  <mark unit="0115">
    <ann type="polarity" value="NG"/>
    <ann type="entity" value="MARINA"/>
  </mark>
  <mark unit="0116">
    <ann type="polarity" value=""/>
    <ann type="entity" value=""/>
  </mark>
  <mark unit="0117">
    <ann type="polarity" value=""/>
    <ann type="entity" value=""/>
  </mark>
  <mark unit="0118">
    <ann type="polarity" value=""/>
    <ann type="entity" value=""/>
  </mark>
  <mark unit="0119">
    <ann type="polarity" value="NE"/>
    <ann type="entity" value="MARINA"/>
  </mark>
  <mark unit="0120">
    <ann type="polarity" value="NE"/>
    <ann type="entity" value="MARINA"/>
  </mark>
</annotation>
