<?xml version='1.0' encoding='UTF-8'?>
<annotation>
  <info type="id" value="0206"/>
  <info type="schema" value="polarity"/>
  <info type="annotator" value="m"/>
  <info type="source" value="0042"/>
  <info type="source-corpus" value="paragraphs"/>
  <unit id="0518">
    <ann type="polarity" value="NE"/>
    <ann type="entity" value="SKAF"/>
  </unit>
  <unit id="0519">
    <ann type="polarity" value="PO"/>
    <ann type="entity" value="SKAF"/>
  </unit>
  <unit id="0520">
    <ann type="polarity" value="PO"/>
    <ann type="entity" value="SKAF"/>
  </unit>
  <unit id="0521">
    <ann type="polarity" value="PO"/>
    <ann type="entity" value="SKAF"/>
  </unit>
  <unit id="0522">
    <ann type="polarity" value="PO"/>
    <ann type="entity" value="SKAF"/>
  </unit>
  <unit id="0523">
    <ann type="polarity" value="PO"/>
    <ann type="entity" value="SKAF"/>
  </unit>
  <unit id="0524">
    <ann type="polarity" value="PO"/>
    <ann type="entity" value="SKAF"/>
  </unit>
  <unit id="0525">
    <ann type="polarity" value=""/>
    <ann type="entity" value=""/>
  </unit>
  <unit id="0526">
    <ann type="polarity" value="NE"/>
    <ann type="entity" value="SKAF"/>
  </unit>
</annotation>
