<?xml version='1.0' encoding='UTF-8'?>
<annotation>
  <info type="id" value="0160"/>
  <info type="schema" value="polarity"/>
  <info type="annotator" value="a4"/>
  <info type="source" value="0032"/>
  <info type="source-corpus" value="paragraphs"/>
  <mark unit="0383">
    <ann type="polarity" value=""/>
    <ann type="entity" value=""/>
  </mark>
  <mark unit="0384">
    <ann type="polarity" value=""/>
    <ann type="entity" value=""/>
  </mark>
  <mark unit="0385">
    <ann type="polarity" value=""/>
    <ann type="entity" value=""/>
  </mark>
  <mark unit="0386">
    <ann type="polarity" value="NE"/>
    <ann type="entity" value="ALCKMIN"/>
  </mark>
  <mark unit="0387">
    <ann type="polarity" value=""/>
    <ann type="entity" value=""/>
  </mark>
  <mark unit="0388">
    <ann type="polarity" value=""/>
    <ann type="entity" value=""/>
  </mark>
</annotation>
