<?xml version='1.0' encoding='UTF-8'?>
<annotation>
  <info type="id" value="0214"/>
  <info type="schema" value="polarity"/>
  <info type="annotator" value="a3"/>
  <info type="source" value="0043"/>
  <info type="source-corpus" value="paragraphs"/>
  <mark unit="0527">
    <ann type="polarity" value="NE"/>
    <ann type="entity" value="EDUARDO CAMPOS"/>
  </mark>
  <mark unit="0528">
    <ann type="polarity" value="PO"/>
    <ann type="entity" value="EDUARDO CAMPOS"/>
  </mark>
  <mark unit="0529">
    <ann type="polarity" value="NG"/>
    <ann type="entity" value="EDUARDO CAMPOS"/>
  </mark>
  <mark unit="0530">
    <ann type="polarity" value="NG"/>
    <ann type="entity" value="EDUARDO CAMPOS"/>
  </mark>
  <mark unit="0531">
    <ann type="polarity" value=""/>
    <ann type="entity" value=""/>
  </mark>
  <mark unit="0532">
    <ann type="polarity" value="NE"/>
    <ann type="entity" value="MARINA"/>
  </mark>
</annotation>
