<?xml version='1.0' encoding='UTF-8'?>
<annotation>
  <info type="id" value="0076"/>
  <info type="schema" value="polarity"/>
  <info type="annotator" value="m"/>
  <info type="source" value="0016"/>
  <info type="source-corpus" value="paragraphs"/>
  <unit id="0176">
    <ann type="polarity" value="PO"/>
    <ann type="entity" value="MARINA"/>
  </unit>
  <unit id="0177">
    <ann type="polarity" value=""/>
    <ann type="entity" value=""/>
  </unit>
  <unit id="0178">
    <ann type="polarity" value="NE"/>
    <ann type="entity" value="EDUARDO CAMPOS"/>
  </unit>
  <unit id="0179">
    <ann type="polarity" value="NE"/>
    <ann type="entity" value="MARINA"/>
  </unit>
  <unit id="0180">
    <ann type="polarity" value="PO"/>
    <ann type="entity" value="EDUARDO CAMPOS"/>
  </unit>
  <unit id="0181">
    <ann type="polarity" value="NG"/>
    <ann type="entity" value="DILMA"/>
  </unit>
  <unit id="0182">
    <ann type="polarity" value="PO"/>
    <ann type="entity" value="MARINA"/>
  </unit>
</annotation>
