<?xml version='1.0' encoding='UTF-8'?>
<annotation>
  <info type="id" value="0220"/>
  <info type="schema" value="polarity"/>
  <info type="annotator" value="a4"/>
  <info type="source" value="0044"/>
  <info type="source-corpus" value="paragraphs"/>
  <mark unit="0533">
    <ann type="polarity" value="NE"/>
    <ann type="entity" value="ALCKMIN"/>
  </mark>
  <mark unit="0534">
    <ann type="polarity" value=""/>
    <ann type="entity" value=""/>
  </mark>
  <mark unit="0535">
    <ann type="polarity" value=""/>
    <ann type="entity" value=""/>
  </mark>
  <mark unit="0536">
    <ann type="polarity" value=""/>
    <ann type="entity" value=""/>
  </mark>
  <mark unit="0537">
    <ann type="polarity" value=""/>
    <ann type="entity" value=""/>
  </mark>
  <mark unit="0538">
    <ann type="polarity" value=""/>
    <ann type="entity" value=""/>
  </mark>
  <mark unit="0539">
    <ann type="polarity" value="NG"/>
    <ann type="entity" value="ALCKMIN"/>
  </mark>
  <mark unit="0540">
    <ann type="polarity" value="NG"/>
    <ann type="entity" value="SKAF"/>
  </mark>
  <mark unit="0541">
    <ann type="polarity" value="PO"/>
    <ann type="entity" value="WAGNER FARIAS"/>
  </mark>
  <mark unit="0542">
    <ann type="polarity" value=""/>
    <ann type="entity" value=""/>
  </mark>
  <mark unit="0543">
    <ann type="polarity" value="NG"/>
    <ann type="entity" value="ALEXANDRE PADILHA"/>
  </mark>
  <mark unit="0544">
    <ann type="polarity" value=""/>
    <ann type="entity" value=""/>
  </mark>
  <mark unit="0545">
    <ann type="polarity" value="NG"/>
    <ann type="entity" value="ALEXANDRE PADILHA"/>
  </mark>
  <mark unit="0546">
    <ann type="polarity" value="NG"/>
    <ann type="entity" value="ALCKMIN"/>
  </mark>
  <mark unit="0547">
    <ann type="polarity" value="NG"/>
    <ann type="entity" value="LAÉRCIO BENKO"/>
  </mark>
  <mark unit="0548">
    <ann type="polarity" value="NG"/>
    <ann type="entity" value="NATALINI"/>
  </mark>
  <mark unit="0549">
    <ann type="polarity" value="NE"/>
    <ann type="entity" value="GILBERTO MARINGONI"/>
  </mark>
  <mark unit="0550">
    <ann type="polarity" value="NE"/>
    <ann type="entity" value="WALTER CIGLIONI"/>
  </mark>
  <mark unit="0551">
    <ann type="polarity" value="NG"/>
    <ann type="entity" value="SKAF"/>
  </mark>
  <mark unit="0552">
    <ann type="polarity" value="PO"/>
    <ann type="entity" value="SENA"/>
  </mark>
  <mark unit="0553">
    <ann type="polarity" value="NG"/>
    <ann type="entity" value="FARIAS"/>
  </mark>
</annotation>
