<?xml version='1.0' encoding='UTF-8'?>
<annotation>
  <info type="id" value="0066"/>
  <info type="schema" value="polarity"/>
  <info type="annotator" value="m"/>
  <info type="source" value="0014"/>
  <info type="source-corpus" value="paragraphs"/>
  <unit id="0155">
    <ann type="polarity" value="NE"/>
    <ann type="entity" value="DILMA"/>
  </unit>
  <unit id="0156">
    <ann type="polarity" value="PO"/>
    <ann type="entity" value="DILMA"/>
  </unit>
  <unit id="0157">
    <ann type="polarity" value="NG"/>
    <ann type="entity" value="DILMA"/>
  </unit>
  <unit id="0158">
    <ann type="polarity" value="NG"/>
    <ann type="entity" value="DILMA"/>
  </unit>
  <unit id="0159">
    <ann type="polarity" value="NG"/>
    <ann type="entity" value="DILMA"/>
  </unit>
  <unit id="0160">
    <ann type="polarity" value="NG"/>
    <ann type="entity" value="DILMA"/>
  </unit>
  <unit id="0161">
    <ann type="polarity" value="NE"/>
    <ann type="entity" value="DILMA"/>
  </unit>
  <unit id="0162">
    <ann type="polarity" value="PO"/>
    <ann type="entity" value="DILMA"/>
  </unit>
  <unit id="0163">
    <ann type="polarity" value="PO"/>
    <ann type="entity" value="DILMA"/>
  </unit>
  <unit id="0164">
    <ann type="polarity" value="NE"/>
    <ann type="entity" value="DILMA"/>
  </unit>
  <unit id="0165">
    <ann type="polarity" value="NE"/>
    <ann type="entity" value="DILMA"/>
  </unit>
</annotation>
