<?xml version='1.0' encoding='UTF-8'?>
<annotation>
  <info type="id" value="0037"/>
  <info type="schema" value="polarity"/>
  <info type="annotator" value="a1"/>
  <info type="source" value="0008"/>
  <info type="source-corpus" value="paragraphs"/>
  <mark unit="0080">
    <ann type="polarity" value="NE"/>
    <ann type="entity" value="SÉRGIO CABRAL"/>
  </mark>
  <mark unit="0081">
    <ann type="polarity" value="NG"/>
    <ann type="entity" value="SÉRGIO CABRAL"/>
  </mark>
  <mark unit="0082">
    <ann type="polarity" value="NE"/>
    <ann type="entity" value="SÉRGIO CABRAL"/>
  </mark>
  <mark unit="0083">
    <ann type="polarity" value="NE"/>
    <ann type="entity" value="SÉRGIO CABRAL"/>
  </mark>
  <mark unit="0084">
    <ann type="polarity" value="PO"/>
    <ann type="entity" value="MARINA"/>
  </mark>
  <mark unit="0085">
    <ann type="polarity" value="NG"/>
    <ann type="entity" value="JOÃO VACCARI NETO"/>
  </mark>
  <mark unit="0086">
    <ann type="polarity" value="PO"/>
    <ann type="entity" value="DILMA"/>
  </mark>
  <mark unit="0087">
    <ann type="polarity" value=""/>
    <ann type="entity" value=""/>
  </mark>
  <mark unit="0088">
    <ann type="polarity" value="NG"/>
    <ann type="entity" value="RENAN CALHEIROS"/>
  </mark>
  <mark unit="0089">
    <ann type="polarity" value=""/>
    <ann type="entity" value=""/>
  </mark>
  <mark unit="0090">
    <ann type="polarity" value=""/>
    <ann type="entity" value=""/>
  </mark>
  <mark unit="0091">
    <ann type="polarity" value="NG"/>
    <ann type="entity" value="CIRO NOGUEIRA"/>
  </mark>
  <mark unit="0092">
    <ann type="polarity" value="NE"/>
    <ann type="entity" value="CIRO NOGUEIRA"/>
  </mark>
</annotation>
