<?xml version='1.0' encoding='UTF-8'?>
<annotation>
  <info type="id" value="0128"/>
  <info type="schema" value="polarity"/>
  <info type="annotator" value="a2"/>
  <info type="source" value="0026"/>
  <info type="source-corpus" value="paragraphs"/>
  <mark unit="0305">
    <ann type="polarity" value="NE"/>
    <ann type="entity" value="MARINA"/>
  </mark>
  <mark unit="0306">
    <ann type="polarity" value="NG"/>
    <ann type="entity" value="LULA"/>
  </mark>
  <mark unit="0307">
    <ann type="polarity" value="NG"/>
    <ann type="entity" value="LULA"/>
  </mark>
  <mark unit="0308">
    <ann type="polarity" value="NE"/>
    <ann type="entity" value="LULA"/>
  </mark>
  <mark unit="0309">
    <ann type="polarity" value="PO"/>
    <ann type="entity" value="MARINA"/>
  </mark>
  <mark unit="0310">
    <ann type="polarity" value="PO"/>
    <ann type="entity" value="MARINA"/>
  </mark>
  <mark unit="0311">
    <ann type="polarity" value="NG"/>
    <ann type="entity" value="LULA"/>
  </mark>
  <mark unit="0312">
    <ann type="polarity" value="NG"/>
    <ann type="entity" value="LULA"/>
  </mark>
  <mark unit="0313">
    <ann type="polarity" value="NE"/>
    <ann type="entity" value="MARINA"/>
  </mark>
  <mark unit="0314">
    <ann type="polarity" value=""/>
    <ann type="entity" value=""/>
  </mark>
  <mark unit="0315">
    <ann type="polarity" value="NE"/>
    <ann type="entity" value="LULA"/>
  </mark>
  <mark unit="0316">
    <ann type="polarity" value="NE"/>
    <ann type="entity" value="LULA"/>
  </mark>
  <mark unit="0317">
    <ann type="polarity" value="NG"/>
    <ann type="entity" value="MARINA"/>
  </mark>
  <mark unit="0318">
    <ann type="polarity" value="NG"/>
    <ann type="entity" value="MARINA"/>
  </mark>
  <mark unit="0319">
    <ann type="polarity" value="NG"/>
    <ann type="entity" value="MARINA"/>
  </mark>
  <mark unit="0320">
    <ann type="polarity" value="NG"/>
    <ann type="entity" value="MARINA"/>
  </mark>
  <mark unit="0321">
    <ann type="polarity" value="NG"/>
    <ann type="entity" value="MARINA"/>
  </mark>
</annotation>
