<?xml version='1.0' encoding='UTF-8'?>
<annotation>
  <info type="id" value="0051"/>
  <info type="schema" value="polarity"/>
  <info type="annotator" value="m"/>
  <info type="source" value="0011"/>
  <info type="source-corpus" value="paragraphs"/>
  <unit id="0111">
    <ann type="polarity" value="PO"/>
    <ann type="entity" value="MARINA"/>
  </unit>
  <unit id="0112">
    <ann type="polarity" value="NG"/>
    <ann type="entity" value="DILMA"/>
  </unit>
  <unit id="0113">
    <ann type="polarity" value="NG"/>
    <ann type="entity" value="RENAN CALHEIROS"/>
  </unit>
  <unit id="0114">
    <ann type="polarity" value="NG"/>
    <ann type="entity" value="JOÃO VACCARI NETO"/>
  </unit>
  <unit id="0115">
    <ann type="polarity" value="NE"/>
    <ann type="entity" value="MARINA"/>
  </unit>
  <unit id="0116">
    <ann type="polarity" value=""/>
    <ann type="entity" value=""/>
  </unit>
  <unit id="0117">
    <ann type="polarity" value=""/>
    <ann type="entity" value=""/>
  </unit>
  <unit id="0118">
    <ann type="polarity" value=""/>
    <ann type="entity" value=""/>
  </unit>
  <unit id="0119">
    <ann type="polarity" value="NE"/>
    <ann type="entity" value="MARINA"/>
  </unit>
  <unit id="0120">
    <ann type="polarity" value="NE"/>
    <ann type="entity" value="MARINA"/>
  </unit>
</annotation>
