<?xml version='1.0' encoding='UTF-8'?>
<annotation>
  <info type="id" value="0172"/>
  <info type="schema" value="polarity"/>
  <info type="annotator" value="a1"/>
  <info type="source" value="0035"/>
  <info type="source-corpus" value="paragraphs"/>
  <mark unit="0413">
    <ann type="polarity" value=""/>
    <ann type="entity" value=""/>
  </mark>
  <mark unit="0414">
    <ann type="polarity" value=""/>
    <ann type="entity" value=""/>
  </mark>
  <mark unit="0415">
    <ann type="polarity" value=""/>
    <ann type="entity" value=""/>
  </mark>
  <mark unit="0416">
    <ann type="polarity" value=""/>
    <ann type="entity" value=""/>
  </mark>
  <mark unit="0417">
    <ann type="polarity" value=""/>
    <ann type="entity" value=""/>
  </mark>
  <mark unit="0418">
    <ann type="polarity" value=""/>
    <ann type="entity" value=""/>
  </mark>
  <mark unit="0419">
    <ann type="polarity" value="NE"/>
    <ann type="entity" value="DILMA"/>
  </mark>
  <mark unit="0420">
    <ann type="polarity" value=""/>
    <ann type="entity" value=""/>
  </mark>
  <mark unit="0421">
    <ann type="polarity" value=""/>
    <ann type="entity" value=""/>
  </mark>
  <mark unit="0422">
    <ann type="polarity" value=""/>
    <ann type="entity" value=""/>
  </mark>
</annotation>
