<?xml version='1.0' encoding='UTF-8'?>
<annotation>
  <info type="id" value="0006"/>
  <info type="schema" value="polarity"/>
  <info type="annotator" value="m"/>
  <info type="source" value="0002"/>
  <info type="source-corpus" value="paragraphs"/>
  <unit id="0014">
    <ann type="polarity" value="NG"/>
    <ann type="entity" value="AÉCIO NEVES"/>
  </unit>
  <unit id="0015">
    <ann type="polarity" value=""/>
    <ann type="entity" value=""/>
  </unit>
  <unit id="0016">
    <ann type="polarity" value="NG"/>
    <ann type="entity" value="AÉCIO NEVES"/>
  </unit>
  <unit id="0017">
    <ann type="polarity" value="NG"/>
    <ann type="entity" value="AÉCIO NEVES"/>
  </unit>
  <unit id="0018">
    <ann type="polarity" value="NG"/>
    <ann type="entity" value="AÉCIO NEVES"/>
  </unit>
  <unit id="0019">
    <ann type="polarity" value="NG"/>
    <ann type="entity" value="AÉCIO NEVES"/>
  </unit>
  <unit id="0020">
    <ann type="polarity" value=""/>
    <ann type="entity" value=""/>
  </unit>
  <unit id="0021">
    <ann type="polarity" value="NG"/>
    <ann type="entity" value="AÉCIO NEVES"/>
  </unit>
  <unit id="0022">
    <ann type="polarity" value="NE"/>
    <ann type="entity" value="AÉCIO NEVES"/>
  </unit>
  <unit id="0023">
    <ann type="polarity" value="NG"/>
    <ann type="entity" value="DILMA"/>
  </unit>
</annotation>
