<?xml version='1.0' encoding='UTF-8'?>
<annotation>
  <info type="id" value="0026"/>
  <info type="schema" value="polarity"/>
  <info type="annotator" value="m"/>
  <info type="source" value="0006"/>
  <info type="source-corpus" value="paragraphs"/>
  <unit id="0055">
    <ann type="polarity" value="NE"/>
    <ann type="entity" value="ALEXANDRE PADILHA"/>
  </unit>
  <unit id="0056">
    <ann type="polarity" value="NE"/>
    <ann type="entity" value="ALEXANDRE PADILHA"/>
  </unit>
  <unit id="0057">
    <ann type="polarity" value="PO"/>
    <ann type="entity" value="LULA"/>
  </unit>
  <unit id="0058">
    <ann type="polarity" value="NG"/>
    <ann type="entity" value="ALEXANDRE PADILHA"/>
  </unit>
  <unit id="0059">
    <ann type="polarity" value="NE"/>
    <ann type="entity" value="ALEXANDRE PADILHA"/>
  </unit>
  <unit id="0060">
    <ann type="polarity" value="PO"/>
    <ann type="entity" value="ALEXANDRE PADILHA"/>
  </unit>
  <unit id="0061">
    <ann type="polarity" value="PO"/>
    <ann type="entity" value="ALEXANDRE PADILHA"/>
  </unit>
  <unit id="0062">
    <ann type="polarity" value="NG"/>
    <ann type="entity" value="DILMA"/>
  </unit>
  <unit id="0063">
    <ann type="polarity" value="NG"/>
    <ann type="entity" value="ALEXANDRE PADILHA"/>
  </unit>
  <unit id="0064">
    <ann type="polarity" value="NG"/>
    <ann type="entity" value="DILMA"/>
  </unit>
  <unit id="0065">
    <ann type="polarity" value="NG"/>
    <ann type="entity" value="ALEXANDRE PADILHA"/>
  </unit>
  <unit id="0066">
    <ann type="polarity" value="PO"/>
    <ann type="entity" value="ALEXANDRE PADILHA"/>
  </unit>
  <unit id="0067">
    <ann type="polarity" value="NG"/>
    <ann type="entity" value="ALEXANDRE PADILHA"/>
  </unit>
  <unit id="0068">
    <ann type="polarity" value=""/>
    <ann type="entity" value=""/>
  </unit>
</annotation>
