<?xml version='1.0' encoding='UTF-8'?>
<annotation>
  <info type="id" value="0222"/>
  <info type="schema" value="polarity"/>
  <info type="annotator" value="a1"/>
  <info type="source" value="0045"/>
  <info type="source-corpus" value="paragraphs"/>
  <mark unit="0554">
    <ann type="polarity" value="NE"/>
    <ann type="entity" value="ROSSETTO"/>
  </mark>
  <mark unit="0555">
    <ann type="polarity" value="NE"/>
    <ann type="entity" value="ROSSETTO"/>
  </mark>
  <mark unit="0556">
    <ann type="polarity" value="NE"/>
    <ann type="entity" value="RUI FALCÃO"/>
  </mark>
  <mark unit="0557">
    <ann type="polarity" value="NE"/>
    <ann type="entity" value="ROSSETTO"/>
  </mark>
  <mark unit="0558">
    <ann type="polarity" value="NE"/>
    <ann type="entity" value="DILMA"/>
  </mark>
  <mark unit="0559">
    <ann type="polarity" value=""/>
    <ann type="entity" value=""/>
  </mark>
  <mark unit="0560">
    <ann type="polarity" value="NE"/>
    <ann type="entity" value="DILMA"/>
  </mark>
  <mark unit="0561">
    <ann type="polarity" value="PO"/>
    <ann type="entity" value="ROSSETTO"/>
  </mark>
  <mark unit="0562">
    <ann type="polarity" value="NE"/>
    <ann type="entity" value="ROSSETTO"/>
  </mark>
  <mark unit="0563">
    <ann type="polarity" value=""/>
    <ann type="entity" value=""/>
  </mark>
  <mark unit="0564">
    <ann type="polarity" value="NE"/>
    <ann type="entity" value="ROSSETTO"/>
  </mark>
</annotation>
