<?xml version='1.0' encoding='UTF-8'?>
<annotation>
  <info type="id" value="0102"/>
  <info type="schema" value="polarity"/>
  <info type="annotator" value="a1"/>
  <info type="source" value="0021"/>
  <info type="source-corpus" value="paragraphs"/>
  <mark unit="0212">
    <ann type="polarity" value="NG"/>
    <ann type="entity" value="PAULO ROBERTO DA COSTA"/>
  </mark>
  <mark unit="0213">
    <ann type="polarity" value="NG"/>
    <ann type="entity" value="DILMA"/>
  </mark>
  <mark unit="0214">
    <ann type="polarity" value="NE"/>
    <ann type="entity" value="PAULO ROBERTO DA COSTA"/>
  </mark>
  <mark unit="0215">
    <ann type="polarity" value="NE"/>
    <ann type="entity" value="DILMA"/>
  </mark>
  <mark unit="0216">
    <ann type="polarity" value=""/>
    <ann type="entity" value=""/>
  </mark>
  <mark unit="0217">
    <ann type="polarity" value="NG"/>
    <ann type="entity" value="EDUARDO CAMPOS"/>
  </mark>
  <mark unit="0218">
    <ann type="polarity" value="NG"/>
    <ann type="entity" value="DILMA"/>
  </mark>
  <mark unit="0219">
    <ann type="polarity" value=""/>
    <ann type="entity" value=""/>
  </mark>
  <mark unit="0220">
    <ann type="polarity" value=""/>
    <ann type="entity" value=""/>
  </mark>
  <mark unit="0221">
    <ann type="polarity" value="NE"/>
    <ann type="entity" value="MARCO MAIA"/>
  </mark>
  <mark unit="0222">
    <ann type="polarity" value=""/>
    <ann type="entity" value=""/>
  </mark>
</annotation>
