<?xml version='1.0' encoding='UTF-8'?>
<annotation>
  <info type="id" value="0196"/>
  <info type="schema" value="polarity"/>
  <info type="annotator" value="m"/>
  <info type="source" value="0040"/>
  <info type="source-corpus" value="paragraphs"/>
  <unit id="0487">
    <ann type="polarity" value="PO"/>
    <ann type="entity" value="ALEXANDRE PADILHA"/>
  </unit>
  <unit id="0488">
    <ann type="polarity" value="PO"/>
    <ann type="entity" value="ALEXANDRE PADILHA"/>
  </unit>
  <unit id="0489">
    <ann type="polarity" value="PO"/>
    <ann type="entity" value="ALEXANDRE PADILHA"/>
  </unit>
  <unit id="0490">
    <ann type="polarity" value=""/>
    <ann type="entity" value=""/>
  </unit>
  <unit id="0491">
    <ann type="polarity" value=""/>
    <ann type="entity" value=""/>
  </unit>
  <unit id="0492">
    <ann type="polarity" value=""/>
    <ann type="entity" value=""/>
  </unit>
  <unit id="0493">
    <ann type="polarity" value=""/>
    <ann type="entity" value=""/>
  </unit>
  <unit id="0494">
    <ann type="polarity" value=""/>
    <ann type="entity" value=""/>
  </unit>
  <unit id="0495">
    <ann type="polarity" value="PO"/>
    <ann type="entity" value="ALEXANDRE PADILHA"/>
  </unit>
</annotation>
