<?xml version='1.0' encoding='UTF-8'?>
<annotation>
  <info type="id" value="0141"/>
  <info type="schema" value="polarity"/>
  <info type="annotator" value="m"/>
  <info type="source" value="0029"/>
  <info type="source-corpus" value="paragraphs"/>
  <unit id="0355">
    <ann type="polarity" value=""/>
    <ann type="entity" value=""/>
  </unit>
  <unit id="0356">
    <ann type="polarity" value="PO"/>
    <ann type="entity" value="AÉCIO NEVES"/>
  </unit>
  <unit id="0357">
    <ann type="polarity" value="PO"/>
    <ann type="entity" value="AÉCIO NEVES"/>
  </unit>
  <unit id="0358">
    <ann type="polarity" value="PO"/>
    <ann type="entity" value="AÉCIO NEVES"/>
  </unit>
  <unit id="0359">
    <ann type="polarity" value="NE"/>
    <ann type="entity" value="AÉCIO NEVES"/>
  </unit>
  <unit id="0360">
    <ann type="polarity" value="NG"/>
    <ann type="entity" value="DILMA"/>
  </unit>
  <unit id="0361">
    <ann type="polarity" value="NG"/>
    <ann type="entity" value="DILMA"/>
  </unit>
</annotation>
