<?xml version='1.0' encoding='UTF-8'?>
<annotation>
  <info type="id" value="0200"/>
  <info type="schema" value="polarity"/>
  <info type="annotator" value="a4"/>
  <info type="source" value="0040"/>
  <info type="source-corpus" value="paragraphs"/>
  <mark unit="0487">
    <ann type="polarity" value="PO"/>
    <ann type="entity" value="ALEXANDRE PADILHA"/>
  </mark>
  <mark unit="0488">
    <ann type="polarity" value="NG"/>
    <ann type="entity" value="ALCKMIN"/>
  </mark>
  <mark unit="0489">
    <ann type="polarity" value="PO"/>
    <ann type="entity" value="ALEXANDRE PADILHA"/>
  </mark>
  <mark unit="0490">
    <ann type="polarity" value=""/>
    <ann type="entity" value=""/>
  </mark>
  <mark unit="0491">
    <ann type="polarity" value=""/>
    <ann type="entity" value=""/>
  </mark>
  <mark unit="0492">
    <ann type="polarity" value=""/>
    <ann type="entity" value=""/>
  </mark>
  <mark unit="0493">
    <ann type="polarity" value=""/>
    <ann type="entity" value=""/>
  </mark>
  <mark unit="0494">
    <ann type="polarity" value=""/>
    <ann type="entity" value=""/>
  </mark>
  <mark unit="0495">
    <ann type="polarity" value="PO"/>
    <ann type="entity" value="ALEXANDRE PADILHA"/>
  </mark>
</annotation>
