<?xml version='1.0' encoding='UTF-8'?>
<annotation>
  <info type="id" value="0171"/>
  <info type="schema" value="polarity"/>
  <info type="annotator" value="m"/>
  <info type="source" value="0035"/>
  <info type="source-corpus" value="paragraphs"/>
  <unit id="0413">
    <ann type="polarity" value=""/>
    <ann type="entity" value=""/>
  </unit>
  <unit id="0414">
    <ann type="polarity" value=""/>
    <ann type="entity" value=""/>
  </unit>
  <unit id="0415">
    <ann type="polarity" value=""/>
    <ann type="entity" value=""/>
  </unit>
  <unit id="0416">
    <ann type="polarity" value=""/>
    <ann type="entity" value=""/>
  </unit>
  <unit id="0417">
    <ann type="polarity" value=""/>
    <ann type="entity" value=""/>
  </unit>
  <unit id="0418">
    <ann type="polarity" value=""/>
    <ann type="entity" value=""/>
  </unit>
  <unit id="0419">
    <ann type="polarity" value="NE"/>
    <ann type="entity" value="DILMA"/>
  </unit>
  <unit id="0420">
    <ann type="polarity" value="NG"/>
    <ann type="entity" value="DILMA"/>
  </unit>
  <unit id="0421">
    <ann type="polarity" value=""/>
    <ann type="entity" value=""/>
  </unit>
  <unit id="0422">
    <ann type="polarity" value=""/>
    <ann type="entity" value=""/>
  </unit>
</annotation>
