<?xml version='1.0' encoding='UTF-8'?>
<annotation>
  <info type="id" value="0010"/>
  <info type="schema" value="polarity"/>
  <info type="annotator" value="a4"/>
  <info type="source" value="0002"/>
  <info type="source-corpus" value="paragraphs"/>
  <mark unit="0014">
    <ann type="polarity" value="NG"/>
    <ann type="entity" value="AÉCIO NEVES"/>
  </mark>
  <mark unit="0015">
    <ann type="polarity" value="NE"/>
    <ann type="entity" value="RUI FALCÃO"/>
  </mark>
  <mark unit="0016">
    <ann type="polarity" value="NG"/>
    <ann type="entity" value="AÉCIO NEVES"/>
  </mark>
  <mark unit="0017">
    <ann type="polarity" value=""/>
    <ann type="entity" value=""/>
  </mark>
  <mark unit="0018">
    <ann type="polarity" value="NG"/>
    <ann type="entity" value="AÉCIO NEVES"/>
  </mark>
  <mark unit="0019">
    <ann type="polarity" value="NG"/>
    <ann type="entity" value="AÉCIO NEVES"/>
  </mark>
  <mark unit="0020">
    <ann type="polarity" value=""/>
    <ann type="entity" value=""/>
  </mark>
  <mark unit="0021">
    <ann type="polarity" value="NG"/>
    <ann type="entity" value="AÉCIO NEVES"/>
  </mark>
  <mark unit="0022">
    <ann type="polarity" value="NE"/>
    <ann type="entity" value="AÉCIO NEVES"/>
  </mark>
  <mark unit="0023">
    <ann type="polarity" value=""/>
    <ann type="entity" value=""/>
  </mark>
</annotation>
