<?xml version='1.0' encoding='UTF-8'?>
<annotation>
  <info type="id" value="0149"/>
  <info type="schema" value="polarity"/>
  <info type="annotator" value="a3"/>
  <info type="source" value="0030"/>
  <info type="source-corpus" value="paragraphs"/>
  <mark unit="0362">
    <ann type="polarity" value="PO"/>
    <ann type="entity" value="ALCKMIN"/>
  </mark>
  <mark unit="0363">
    <ann type="polarity" value="PO"/>
    <ann type="entity" value="ALCKMIN"/>
  </mark>
  <mark unit="0364">
    <ann type="polarity" value="NG"/>
    <ann type="entity" value="RENAN CALHEIROS"/>
  </mark>
  <mark unit="0365">
    <ann type="polarity" value="NG"/>
    <ann type="entity" value="EDUARDO CAMPOS"/>
  </mark>
  <mark unit="0366">
    <ann type="polarity" value="NG"/>
    <ann type="entity" value="JOÃO VACCARI NETO"/>
  </mark>
  <mark unit="0367">
    <ann type="polarity" value="NG"/>
    <ann type="entity" value="AÉCIO NEVES"/>
  </mark>
  <mark unit="0368">
    <ann type="polarity" value="PO"/>
    <ann type="entity" value="ALCKMIN"/>
  </mark>
  <mark unit="0369">
    <ann type="polarity" value=""/>
    <ann type="entity" value=""/>
  </mark>
  <mark unit="0370">
    <ann type="polarity" value=""/>
    <ann type="entity" value=""/>
  </mark>
</annotation>
